Year,Make,Model,Category,inventory_id,created_at
2004,Toyota,Tundra Double Cab,Pickup,1,2003-04-07
2015,Land Rover,Discovery Sport,SUV,2,2015-12-01
2005,MINI,Cooper,Hatchback,3,2020-07-11
2007,Pontiac,Grand Prix,Sedan,4,2012-09-08
2008,Lincoln,Town Car,Sedan,5,2008-01-31
1996,INFINITI,J,Sedan,6,2003-12-08
2007,Ford,Expedition EL,SUV,754,2020-10-04
2018,Nissan,TITAN XD King Cab,Pickup,8,2011-08-09
2004,Honda,Civic,"Coupe, Sedan, Hatchback",9,2021-01-12
2003,Honda,Civic,"Coupe, Sedan, Hatchback",10,2016-11-09
2020,Subaru,WRX,Sedan,1079,2013-08-30
2009,Honda,Ridgeline,Pickup,12,2007-10-11
2006,Ford,Ranger Regular Cab,Pickup,13,2003-01-24
2013,Toyota,FJ Cruiser,SUV,148,2007-01-07
1998,Lincoln,Continental,Sedan,15,2010-08-11
2010,Lexus,RX,SUV,16,2012-07-13
2004,Mitsubishi,Lancer,"Sedan, Wagon",17,2021-07-01
2003,Oldsmobile,Aurora,Sedan,18,2003-01-17
2000,Mercedes-Benz,SLK-Class,Convertible,19,2010-10-29
1999,GMC,Sierra 1500 Regular Cab,Pickup,20,2008-12-29
2005,INFINITI,G,"Coupe, Sedan",21,2007-01-13
2011,Cadillac,Escalade EXT,Pickup,22,2023-04-15
2009,Pontiac,G6 (2009.5),"Coupe, Sedan, Convertible",23,2010-03-09
2012,Volvo,C70,Convertible,24,2005-12-16
2011,Audi,TT,"Coupe, Convertible",25,2001-03-10
2011,Ram,3500 Mega Cab,Pickup,1528,2004-11-21
2012,BMW,1 Series,"Convertible, Coupe",931,2018-12-23
2012,Subaru,Forester,SUV,28,2005-07-04
2017,Mercedes-Benz,Mercedes-AMG GLE,SUV,29,2012-07-15
2011,GMC,Savana 3500 Cargo,Van/Minivan,1889,2013-10-10
2009,Ferrari,599 GTB Fiorano,Coupe,31,2020-05-22
1996,Chevrolet,Impala,Sedan,852,2023-11-16
2006,Subaru,Forester,SUV,33,2000-01-04
2006,Land Rover,Range Rover,SUV,34,2021-11-18
2013,Chevrolet,Express 3500 Cargo,Van/Minivan,1362,2006-10-19
2000,Ford,Ranger Regular Cab,Pickup,36,2022-11-19
1998,Dodge,Ram Wagon 3500,Van/Minivan,37,2020-06-24
2015,Chevrolet,Captiva Sport,SUV,38,2016-02-23
2007,Mercedes-Benz,E-Class,"Sedan, Wagon",39,2002-06-26
2018,Honda,Civic,"Coupe, Hatchback, Sedan",40,2010-02-14
2016,Volkswagen,Jetta,Sedan,41,2020-08-13
2005,Ford,Explorer,SUV,42,2008-02-06
2000,Isuzu,Amigo,SUV,43,2020-11-20
2014,MINI,Coupe,Coupe,44,2002-10-04
2003,Toyota,Tacoma Regular Cab,Pickup,45,2006-12-27
2006,Chevrolet,HHR,Wagon,46,2007-06-20
1995,Oldsmobile,98,Sedan,47,2021-06-21
2018,Mitsubishi,Mirage,Hatchback,48,2012-03-25
1997,GMC,Savana 3500 Cargo,Van/Minivan,49,2003-09-15
1995,Chevrolet,1500 Extended Cab,Pickup,50,2011-11-24
2003,GMC,Sierra 2500 Regular Cab,Pickup,51,2003-01-23
2017,Hyundai,Sonata Plug-in Hybrid,Sedan,52,2001-11-20
2019,Maserati,Ghibli,Sedan,53,2022-09-06
2017,Honda,Ridgeline,Pickup,54,2019-10-10
1997,Volvo,960,"Sedan, Wagon",55,2020-04-08
2010,Ford,Mustang,"Coupe, Convertible",56,2003-05-01
2000,Dodge,Intrepid,Sedan,393,2001-08-06
2001,Acura,TL,Sedan,58,2014-11-25
2008,Chrysler,Pacifica,Wagon,59,2008-03-08
2015,Audi,R8,"Coupe, Convertible",1925,2005-05-22
2003,Toyota,Prius,Sedan,61,2020-07-09
2020,GMC,Acadia,SUV,62,2011-03-03
2002,Ford,Explorer Sport,SUV,63,2011-06-21
2012,GMC,Savana 1500 Passenger,Van/Minivan,64,2023-04-26
1999,Plymouth,Grand Voyager,Van/Minivan,1720,2005-02-11
1998,Jaguar,XK,"Coupe, Convertible",66,2008-07-14
2016,Hyundai,Santa Fe Sport,SUV,67,2005-02-19
2005,Dodge,Ram 3500 Quad Cab,Pickup,68,2008-05-02
2011,GMC,Savana 3500 Passenger,Van/Minivan,1351,2004-02-17
2013,Honda,Accord,"Sedan, Coupe",70,2021-04-25
2011,Nissan,Maxima,Sedan,71,2011-10-18
2009,Chrysler,300,Sedan,72,2020-03-06
2013,Lexus,LS,Sedan,73,2003-01-12
2004,Nissan,Sentra,Sedan,74,2018-03-31
1994,Jeep,Grand Cherokee,SUV,1793,2007-07-26
2017,Nissan,NV3500 HD Passenger,Van/Minivan,76,2012-06-08
2017,FIAT,500c,Convertible,77,2008-06-22
2008,Porsche,Boxster,Convertible,78,2020-03-27
2002,Dodge,Ram Wagon 3500,Van/Minivan,560,2018-08-21
2010,Pontiac,G6,Sedan,80,2021-09-19
2016,Mercedes-Benz,Mercedes-AMG GLE,SUV,81,2001-04-05
2011,Chevrolet,Suburban 1500,SUV,82,2000-01-13
2010,Audi,S4,Sedan,1775,2015-05-23
1992,BMW,8 Series,Coupe,84,2022-04-07
1997,Lexus,SC,Coupe,85,2016-10-29
2000,Lincoln,Navigator,SUV,86,2012-08-19
2011,Nissan,Titan King Cab,Pickup,87,2017-12-05
2017,Kia,Cadenza,Sedan,88,2015-10-21
2011,Audi,A3,Wagon,89,2010-08-29
2008,Ford,Expedition,SUV,90,2015-02-23
2003,GMC,Sierra 1500 HD Crew Cab,Pickup,91,2016-06-02
1998,INFINITI,I,Sedan,92,2010-01-12
2017,GMC,Sierra 2500 HD Regular Cab,Pickup,93,2003-07-04
2009,Land Rover,LR2,SUV,94,2011-06-11
2017,Ram,2500 Mega Cab,Pickup,95,2011-11-16
1997,Isuzu,Hombre Regular Cab,Pickup,96,2004-04-05
1993,Nissan,Altima,Sedan,97,2022-05-26
2001,GMC,Safari Cargo,Van/Minivan,98,2009-07-08
2001,Lincoln,Town Car,Sedan,99,2009-01-23
1994,Hyundai,Elantra,Sedan,100,2008-05-07
2014,Nissan,Maxima,Sedan,101,2017-09-11
1994,Mercedes-Benz,E-Class,"Coupe, Convertible, Wagon, Sedan",102,2017-09-23
2011,Volvo,XC60,SUV,103,2010-05-06
2015,Jaguar,XF,Sedan,104,2014-10-10
1992,Dodge,Dakota Club Cab,Pickup,105,2008-09-13
2019,Hyundai,Sonata Plug-in Hybrid,Sedan,106,2011-11-30
2016,Ford,Transit 350 HD Van,Van/Minivan,107,2016-04-02
1997,GMC,Savana 1500 Cargo,Van/Minivan,108,2018-03-14
1997,Geo,Metro,"Coupe, Sedan",109,2023-07-27
2006,Lincoln,Town Car,Sedan,110,2006-04-13
2016,Chevrolet,Malibu Limited,Sedan,111,2022-07-30
2015,Mercedes-Benz,SLS-Class,"Coupe, Convertible",112,2003-02-04
2009,Chevrolet,Equinox,SUV,291,2009-12-26
2014,Volkswagen,GTI,Hatchback,114,2021-03-02
2009,Audi,Q5,SUV,115,2000-02-28
2019,Kia,Sorento,SUV,116,2005-11-08
1998,Honda,Passport,SUV,117,2011-09-09
1995,Jeep,Wrangler,SUV,452,2014-10-03
1994,Saab,900,"Coupe, Hatchback, Convertible",119,2010-07-06
1992,INFINITI,Q,Sedan,120,2010-01-18
2017,Mercedes-Benz,Mercedes-AMG GLE Coupe,SUV,121,2011-03-02
2017,Hyundai,Tucson,SUV,122,2003-08-08
2013,BMW,M5,Sedan,1679,2019-02-11
2008,Chevrolet,Aveo,"Hatchback, Sedan",124,2000-10-28
2011,GMC,Savana 1500 Cargo,Van/Minivan,125,2000-01-11
2002,Lexus,LX,SUV,126,2001-07-23
1998,Porsche,911,"Coupe, Convertible",127,2002-06-18
2017,Buick,Verano,Sedan,128,2003-12-04
1996,Volvo,960,"Sedan, Wagon",129,2018-08-02
2000,Mercury,Villager,Van/Minivan,130,2022-06-02
1992,Eagle,Summit,"Sedan, Hatchback, Wagon",131,2007-12-29
2016,Volkswagen,e-Golf,Hatchback,132,2005-04-05
2015,GMC,Sierra 1500 Regular Cab,Pickup,133,2020-12-29
2009,Volvo,S60,Sedan,134,2014-05-31
1995,Chevrolet,Lumina Cargo,Van/Minivan,135,2004-12-27
2008,Nissan,Sentra,Sedan,136,2022-09-11
2016,Chevrolet,Express 3500 Cargo,Van/Minivan,137,2018-10-01
2010,Chevrolet,Express 3500 Cargo,Van/Minivan,992,2007-08-17
2006,Chevrolet,Suburban 2500,SUV,139,2023-08-16
2009,Pontiac,Vibe,Wagon,140,2009-04-05
2001,Ford,F150 Regular Cab,Pickup,141,2009-07-25
1994,Chevrolet,2500 Extended Cab,Pickup,142,2022-09-22
1998,Subaru,Forester,SUV,1208,2008-02-07
2018,Nissan,370Z,"Coupe, Convertible",144,2019-02-21
2017,Chevrolet,Silverado 2500 HD Crew Cab,Pickup,145,2005-08-25
2005,Mitsubishi,Montero,SUV,146,2007-02-26
2013,Ram,3500 Regular Cab,Pickup,147,2001-06-14
2013,Toyota,FJ Cruiser,SUV,148,2007-01-07
2020,Acura,RDX,SUV,149,2021-02-10
1998,Dodge,Stratus,Sedan,150,2004-12-15
1992,Toyota,Corolla,"Sedan, Wagon",151,2017-05-27
2012,Fisker,Karma,Sedan,152,2011-10-23
2002,Nissan,Maxima,Sedan,153,2013-09-14
2005,Ford,Freestar Cargo,Van/Minivan,154,2023-07-05
2011,Nissan,Quest,Van/Minivan,155,2017-04-08
1995,Oldsmobile,Silhouette,Van/Minivan,949,2022-08-04
2014,GMC,Savana 1500 Passenger,Van/Minivan,157,2014-01-21
2005,Mitsubishi,Lancer,Sedan,158,2021-06-30
2005,Ford,F350 Super Duty Crew Cab,Pickup,159,2010-06-14
2009,Dodge,Challenger,Coupe,160,2019-12-28
2009,Toyota,Tacoma Regular Cab,Pickup,161,2002-04-18
2014,Chevrolet,Camaro,"Coupe, Convertible",162,2005-04-24
2008,Chevrolet,Impala,Sedan,163,2022-04-10
2003,Chevrolet,Express 3500 Passenger,Van/Minivan,164,2010-07-16
2006,Volvo,C70,Convertible,165,2000-08-27
1994,Lexus,GS,Sedan,191,2013-10-06
2006,Mitsubishi,Galant,Sedan,167,2012-06-22
1996,Chevrolet,Sportvan G30,Van/Minivan,587,2014-10-02
2018,Kia,Sedona,Van/Minivan,169,2013-05-10
2011,Jaguar,XJ,Sedan,170,2023-06-12
2015,Nissan,Versa,"Sedan, Hatchback",171,2004-08-03
2012,Chevrolet,Express 3500 Passenger,Van/Minivan,172,2016-09-22
1998,Jeep,Wrangler,SUV,173,2022-02-02
2010,GMC,Sierra 1500 Crew Cab,Pickup,174,2019-12-05
2009,Pontiac,G5,Coupe,175,2018-04-30
2018,Mercedes-Benz,G-Class,SUV,176,2001-10-12
2011,Ford,Escape,SUV,177,2009-05-22
1995,Toyota,Supra,Hatchback,819,2002-12-06
2000,GMC,Savana 3500 Passenger,Van/Minivan,179,2018-06-15
2019,BMW,4 Series,"Convertible, Sedan, Coupe",1108,2020-01-10
1997,Ford,Aerostar Cargo,Van/Minivan,181,2012-04-24
1992,INFINITI,G,Sedan,182,2007-04-04
2019,Toyota,RAV4 Hybrid,SUV,183,2022-01-15
2016,Mercedes-Benz,B-Class,Hatchback,1300,2010-06-07
2013,MAZDA,MX-5 Miata,Convertible,185,2013-02-13
2000,BMW,3 Series,"Sedan, Wagon, Convertible, Coupe",186,2018-05-29
2010,Acura,ZDX,SUV,187,2019-04-01
2016,Ford,Fiesta,"Hatchback, Sedan",188,2022-05-01
2008,Dodge,Dakota Extended Cab,Pickup,669,2011-08-03
2014,Mercedes-Benz,CLA-Class,Sedan,190,2018-06-05
1994,Lexus,GS,Sedan,191,2013-10-06
2015,GMC,Sierra 1500 Crew Cab,Pickup,570,2009-08-14
1996,Ford,Contour,Sedan,193,2019-04-17
2011,Ferrari,612 Scaglietti,Coupe,194,2019-08-12
2007,Hyundai,Veracruz,SUV,195,2011-02-23
2004,Honda,Accord,"Sedan, Coupe",646,2016-09-18
2014,Aston Martin,Vantage,"Coupe, Convertible",197,2023-11-01
2003,Cadillac,Escalade EXT,Pickup,548,2014-10-12
2017,McLaren,570GT,Coupe,199,2019-09-19
2010,Lincoln,MKT,SUV,200,2005-05-28
2003,Dodge,Dakota Club Cab,Pickup,201,2013-05-12
2010,Ford,F250 Super Duty Regular Cab,Pickup,202,2008-12-02
2019,Lexus,GS,Sedan,203,2000-05-21
1996,Dodge,Ram 3500 Regular Cab,Pickup,1354,2002-07-27
2018,Ford,Fusion Energi,Sedan,205,2000-06-17
2017,MAZDA,CX-5,SUV,206,2008-06-28
1997,Hyundai,Tiburon,Hatchback,207,2000-01-10
2009,Honda,Accord,"Sedan, Coupe",208,2004-04-02
2016,Porsche,Boxster,Convertible,209,2003-01-14
1994,Suzuki,Sidekick,SUV,1053,2001-05-30
2002,Dodge,Neon,Sedan,211,2017-12-03
2000,Honda,Insight,Hatchback,212,2009-04-29
2018,Subaru,Legacy,Sedan,213,2000-01-12
2013,Jeep,Patriot,SUV,214,2019-02-15
2000,Nissan,Frontier Regular Cab,Pickup,215,2002-09-19
2012,Nissan,Frontier King Cab,Pickup,1934,2002-12-02
2016,MINI,Hardtop 2 Door,Hatchback,217,2022-08-08
2020,Dodge,Charger,Sedan,1422,2011-05-25
2008,Volkswagen,Jetta,Sedan,219,2016-01-04
1995,GMC,3500 Crew Cab,Pickup,220,2009-12-09
2017,GMC,Savana 2500 Cargo,Van/Minivan,221,2020-09-07
2018,FIAT,500L,Hatchback,222,2011-10-20
2012,Ram,1500 Crew Cab,Pickup,223,2019-11-06
2001,Plymouth,Neon,Sedan,584,2020-07-06
2019,Mercedes-Benz,GLC,SUV,225,2010-11-26
2017,Audi,S8,Sedan,226,2001-10-23
2017,Ford,Transit 150 Van,Van/Minivan,902,2021-08-27
1996,GMC,Sonoma Club Coupe Cab,Pickup,228,2008-03-26
2001,Chevrolet,Venture Passenger,Van/Minivan,229,2010-07-22
2008,Honda,Fit,Hatchback,230,2017-01-16
2012,Buick,Verano,Sedan,231,2023-11-04
2007,Volkswagen,Rabbit,Hatchback,390,2019-09-13
2014,Cadillac,ATS,Sedan,233,2020-04-11
2016,Toyota,Land Cruiser,SUV,234,2015-07-09
2011,Porsche,911,"Convertible, Coupe",1288,2008-09-29
1993,Honda,Civic,"Coupe, Hatchback, Sedan",236,2005-06-15
2007,Toyota,Solara,"Convertible, Coupe",237,2021-05-29
1992,Oldsmobile,Silhouette,Van/Minivan,238,2018-03-11
2019,Chevrolet,Express 2500 Passenger,Van/Minivan,239,2007-03-07
2004,Audi,A6,"Wagon, Sedan",240,2008-08-23
2012,Honda,Civic,"Coupe, Sedan",676,2007-11-18
2013,Toyota,Tundra Regular Cab,Pickup,242,2013-03-26
2010,Ford,E250 Cargo,Van/Minivan,243,2019-02-23
1992,Mitsubishi,Eclipse,Hatchback,244,2006-02-15
1997,Porsche,Boxster,Convertible,245,2002-02-10
2020,Toyota,GR Supra,Coupe,246,2002-08-13
2015,Kia,Forte5,Hatchback,247,2014-09-23
2014,Toyota,Camry,Sedan,248,2013-11-04
2012,Toyota,4Runner,SUV,249,2022-09-21
2015,Mercedes-Benz,SLK-Class,Convertible,250,2020-11-05
2019,Chevrolet,Colorado Crew Cab,Pickup,251,2020-09-07
2018,GMC,Savana 2500 Cargo,Van/Minivan,252,2005-07-28
2016,Lexus,CT,Hatchback,1849,2011-12-27
2015,Aston Martin,DB9,"Coupe, Convertible",254,2014-06-10
2019,Chevrolet,Silverado 2500 HD Crew Cab,Pickup,255,2009-10-07
2004,Mercedes-Benz,M-Class,SUV,256,2000-01-16
1992,Dodge,Ram Van B150,Van/Minivan,257,2008-09-04
2008,GMC,Yukon XL 2500,SUV,258,2009-03-19
2001,Dodge,Caravan Passenger,Van/Minivan,259,2001-12-07
2007,Mercedes-Benz,SLK-Class,Convertible,1136,2007-01-26
2013,Maserati,GranTurismo,"Coupe, Convertible",261,2000-03-02
2012,Chevrolet,Suburban 2500,SUV,262,2019-12-20
2009,Mercury,Sable,Sedan,263,2000-06-20
1992,Chevrolet,Astro Cargo,Van/Minivan,1736,2001-01-06
2011,Kia,Rio,"Sedan, Hatchback",265,2005-12-01
1993,GMC,Safari Passenger,Van/Minivan,266,2016-05-16
2011,Mercedes-Benz,Sprinter 3500 Cargo,Van/Minivan,1960,2014-04-24
2017,Subaru,Forester,SUV,268,2017-01-06
2011,Lincoln,Navigator L,SUV,1110,2020-06-10
2004,Chevrolet,Express 2500 Cargo,Van/Minivan,270,2014-11-02
2014,Acura,ILX,Sedan,271,2012-05-24
2019,Subaru,Legacy,Sedan,272,2022-08-26
2009,Jaguar,XK,"Convertible, Coupe",273,2018-11-15
2004,Chevrolet,Cavalier,"Sedan, Coupe",274,2022-05-08
2007,Kia,Sportage,SUV,1930,2009-03-24
2018,MAZDA,MX-5 Miata RF,Convertible,276,2010-05-26
2014,INFINITI,QX60,SUV,277,2013-08-26
2009,Rolls-Royce,Phantom,"Convertible, Coupe, Sedan",1272,2004-06-06
1994,Chevrolet,Lumina Passenger,Van/Minivan,279,2015-11-16
1992,Eagle,Talon,Hatchback,280,2022-06-18
2016,Hyundai,Santa Fe,SUV,281,2007-09-25
2017,Kia,Forte5,Hatchback,282,2005-11-05
2006,Suzuki,Reno,Hatchback,1767,2014-02-23
2015,GMC,Sierra 2500 HD Regular Cab,Pickup,284,2019-03-04
2013,Aston Martin,Vantage,"Coupe, Convertible",285,2002-06-11
2008,Dodge,Dakota Extended Cab,Pickup,669,2011-08-03
2005,Toyota,Celica,Hatchback,287,2000-09-10
2013,Mercedes-Benz,CL-Class,Coupe,288,2020-10-15
2001,BMW,M,"Hatchback, Convertible",289,2006-05-25
1995,Land Rover,Discovery,SUV,290,2014-06-18
2009,Chevrolet,Equinox,SUV,291,2009-12-26
2018,Mercedes-Benz,Sprinter 2500 Cargo,Van/Minivan,292,2018-10-11
1999,Porsche,911,"Coupe, Convertible",293,2022-02-01
2018,Cadillac,Escalade ESV,SUV,294,2002-04-14
2012,Mitsubishi,i-MiEV,Hatchback,295,2015-11-27
2017,Mercedes-Benz,Metris Passenger,Van/Minivan,296,2005-08-21
1997,Lexus,LS,Sedan,297,2013-11-07
2001,Jaguar,S-Type,Sedan,298,2002-11-30
2012,Jaguar,XK,"Coupe, Convertible",299,2000-04-20
2020,Volvo,XC90,SUV1992,300,2014-09-25
1998,Toyota,4Runner,SUV,301,2000-09-02
2019,Chevrolet,Traverse,SUV,842,2017-07-24
2016,Audi,A4,Sedan,303,2002-07-06
2001,Audi,S4,"Wagon, Sedan",304,2021-02-18
2012,Porsche,Cayenne,SUV,1901,2002-01-14
2001,Ford,Escort,Sedan,306,2005-02-13
1995,Nissan,Altima,Sedan,307,2013-12-08
2000,Chevrolet,Blazer,SUV,308,2011-06-26
1997,GMC,3500 Club Coupe,Pickup,309,2009-12-11
2003,Jaguar,XJ,Sedan,978,2009-10-26
2002,Acura,TL,Sedan,311,2010-12-18
2002,Lexus,GS,Sedan,312,2005-05-28
2000,Chevrolet,Silverado 1500 Extended Cab,Pickup,313,2004-02-04
2001,GMC,Sierra 1500 Extended Cab,Pickup,314,2022-09-29
2006,Volvo,S80,Sedan,1610,2015-04-17
2001,Toyota,Tundra Access Cab,Pickup,316,2000-06-19
2012,Ferrari,California,Convertible,317,2014-08-12
2018,Mercedes-Benz,E-Class,"Sedan, Coupe, Convertible, Wagon",318,2019-07-30
2007,Lotus,Elise,Coupe,319,2016-08-24
2017,Land Rover,Range Rover,SUV,1588,2004-06-19
2004,Ford,Freestar Cargo,Van/Minivan,321,2003-05-31
2016,Ford,Edge,SUV,322,2007-07-29
2000,Lexus,LX,SUV,323,2019-09-03
2001,Honda,Passport,SUV,324,2006-02-14
2007,GMC,Sierra 3500 HD Extended Cab,Pickup,325,2016-10-06
2007,BMW,3 Series,"Coupe, Sedan, Convertible, Wagon",326,2015-10-06
2009,Volkswagen,Rabbit,Hatchback,327,2004-06-21
2009,Audi,A8,Sedan,328,2021-09-01
2003,GMC,Safari Passenger,Van/Minivan,329,2002-08-07
1994,Chevrolet,Corvette,"Hatchback, Convertible",330,2021-01-02
2015,Freightliner,Sprinter 2500 Cargo,Van/Minivan,331,2007-09-28
2002,Dodge,Intrepid,Sedan,1837,2005-10-24
2005,GMC,Savana 3500 Passenger,Van/Minivan,333,2022-10-13
1992,INFINITI,M,"Coupe, Convertible",334,2021-03-14
1996,Buick,LeSabre,Sedan,335,2017-11-18
2003,Ford,F250 Super Duty Regular Cab,Pickup,794,2020-06-07
1998,Suzuki,Esteem,"Sedan, Wagon",337,2012-08-29
1992,Ford,Crown Victoria,Sedan,338,2005-04-27
2013,Nissan,NV2500 HD Cargo,Van/Minivan,339,2019-04-01
2009,Ford,E350 Super Duty Passenger,Van/Minivan,340,2022-05-25
2000,Mercury,Mystique,Sedan,341,2015-01-31
2014,Mercedes-Benz,CLS-Class,Coupe,342,2000-11-15
2005,Ford,E150 Super Duty Cargo,Van/Minivan,343,2006-09-05
2012,Suzuki,Equator Crew Cab,Pickup,344,2020-01-16
2019,Ford,Taurus,Sedan,1778,2022-07-30
2017,Lincoln,Navigator,SUV,346,2021-10-30
2017,Buick,Envision,SUV,347,2014-10-24
2019,Hyundai,Veloster,Coupe,348,2013-01-01
2010,Ford,E350 Super Duty Passenger,Van/Minivan,349,2013-12-31
2012,Mercedes-Benz,SLK-Class,Convertible,1164,2007-04-05
1996,Isuzu,Oasis,Van/Minivan,351,2017-05-29
2016,Kia,Rio,"Sedan, Hatchback",352,2004-10-12
2019,Nissan,NV1500 Cargo,Van/Minivan,353,2011-09-28
2008,Chevrolet,Uplander Passenger,Van/Minivan,354,2017-06-14
1997,Buick,Skylark,"Sedan, Coupe",355,2013-05-15
2018,Nissan,Titan King Cab,Pickup,356,2013-04-01
2012,Chevrolet,Silverado 3500 HD Crew Cab,Pickup,1982,2014-08-08
2015,BMW,7 Series,Sedan,358,2000-05-31
1996,Chevrolet,Impala,Sedan,852,2023-11-16
2007,Audi,S8,Sedan,360,2013-06-19
2005,Chevrolet,Avalanche 2500,Pickup,361,2013-03-16
2004,Volkswagen,Jetta,"Wagon, Sedan",362,2002-07-08
2008,Nissan,350Z,"Coupe, Convertible",363,2014-12-30
2003,Ford,E150 Passenger,Van/Minivan,364,2011-10-18
1993,Chevrolet,3500 Regular Cab,Pickup,365,2014-09-17
2019,Honda,CR-V,SUV,366,2010-09-13
2006,Volkswagen,Rabbit,Hatchback,367,2019-04-27
2008,Cadillac,XLR,Convertible,368,2016-05-29
2009,BMW,M6,"Coupe, Convertible",369,2009-11-11
2000,Chevrolet,Metro,"Hatchback, Sedan",370,2004-01-22
2018,Porsche,Macan,SUV,1568,2004-02-27
2001,Chrysler,Concorde,Sedan,372,2010-11-05
2016,Chevrolet,Suburban,SUV,373,2000-09-28
2017,Nissan,370Z,"Coupe, Convertible",374,2007-09-16
1998,GMC,Savana 3500 Passenger,Van/Minivan,375,2017-06-17
2014,Lamborghini,Gallardo,"Coupe, Convertible",376,2006-07-09
1993,Chevrolet,Camaro,Hatchback,377,2001-12-05
2008,Audi,S5,Coupe,378,2014-01-28
2013,Ferrari,F12berlinetta,Coupe,379,2016-02-02
2008,Cadillac,Escalade EXT,Pickup,380,2009-11-11
2000,BMW,X5,SUV,381,2016-12-23
2000,Chevrolet,Express 1500 Passenger,Van/Minivan,382,2002-10-22
2020,Chevrolet,Camaro,Convertible,383,2001-02-01
2006,Audi,S4,"Sedan, Wagon, Convertible",384,2003-06-15
2007,Toyota,Matrix,Wagon,385,2000-02-22
2018,Land Rover,Range Rover Velar,SUV,386,2003-12-17
2005,Land Rover,Freelander,SUV,1771,2015-03-05
2018,Ford,F150 Super Cab,Pickup,388,2020-01-21
2005,Land Rover,Freelander,SUV,1771,2015-03-05
2007,Volkswagen,Rabbit,Hatchback,390,2019-09-13
2008,Porsche,911,"Coupe, Convertible",391,2013-10-19
1992,Geo,Storm,"Coupe, Hatchback",392,2007-12-02
2000,Dodge,Intrepid,Sedan,393,2001-08-06
1998,Nissan,Sentra,Sedan,394,2007-02-16
2016,Honda,CR-V,SUV,395,2008-08-08
2003,Audi,A6,"Sedan, Wagon",396,2018-02-01
2015,BMW,2 Series,"Coupe, Convertible",1944,2014-01-24
2013,Ford,Transit Connect Cargo,Van/Minivan,398,2007-02-09
2003,Oldsmobile,Alero,"Sedan, Coupe",929,2003-03-31
2004,Ford,F350 Super Duty Super Cab,Pickup,400,2003-02-27
2014,Ram,1500 Regular Cab,Pickup,401,2000-04-08
1993,Oldsmobile,Silhouette,Van/Minivan,1618,2014-06-16
2001,Dodge,Stratus,"Coupe, Sedan",403,2018-09-09
2020,Subaru,BRZ,Coupe,404,2019-08-15
2016,Jaguar,XF,Sedan,1165,2008-04-08
2008,BMW,M3,"Coupe, Sedan, Convertible",406,2019-04-08
2001,GMC,Sierra 1500 Regular Cab,Pickup,407,2019-03-24
1992,GMC,Suburban 2500,SUV,408,2012-03-27
2009,Suzuki,Equator Extended Cab,Pickup,409,2018-03-08
2005,GMC,Sierra 2500 HD Extended Cab,Pickup,410,2001-01-21
2004,Hyundai,XG350,Sedan,411,2022-11-14
2003,Ford,Expedition,SUV,1486,2012-01-08
1997,Honda,del Sol,Coupe,413,2019-03-09
2017,Ram,ProMaster City,Van/Minivan,414,2003-03-04
2016,Hyundai,Sonata,Sedan,1346,2006-09-16
2013,Volvo,C70,Convertible,416,2018-12-11
2007,Nissan,Quest,Van/Minivan,1787,2020-02-23
2004,Honda,Accord,"Sedan, Coupe",646,2016-09-18
2007,Honda,Civic,"Sedan, Coupe",419,2013-08-19
2011,INFINITI,QX,SUV,420,2014-02-24
2018,Ford,Flex,SUV,421,2019-02-09
1994,Dodge,Ram 2500 Regular Cab,Pickup,422,2001-06-19
2007,Kia,Sportage,SUV,1930,2009-03-24
2005,Chevrolet,Aveo,"Sedan, Hatchback",424,2012-08-06
2019,Ford,Explorer,SUV,425,2021-01-15
2003,Audi,A4,"Wagon, Sedan, Convertible",426,2014-05-26
2011,Ford,Flex,SUV,427,2001-06-29
1993,Dodge,Ram Wagon B350,Van/Minivan,428,2001-11-10
1997,INFINITI,QX,SUV,429,2010-05-18
2003,Hyundai,Tiburon,Coupe,430,2012-03-20
2015,MAZDA,MAZDA3,"Sedan, Hatchback",431,2009-03-23
2017,Lexus,GX,SUV,432,2021-07-16
2004,Chevrolet,Silverado 2500 HD Crew Cab,Pickup,433,2011-04-02
2006,Chevrolet,SSR,Pickup,434,2001-09-02
2019,Kia,Rio,"Sedan, Hatchback",805,2008-06-05
2000,Isuzu,Rodeo,SUV,436,2007-11-18
2012,Ford,Flex,SUV,437,2001-05-15
2001,Subaru,Forester,SUV,438,2001-05-25
2002,Pontiac,Bonneville,Sedan,439,2006-12-16
2011,Volvo,C70,Convertible,440,2001-10-08
2011,Hyundai,Santa Fe,SUV,441,2010-08-19
2008,Land Rover,Range Rover,SUV,442,2001-07-05
2011,Land Rover,LR2,SUV,443,2010-03-20
2010,Bentley,Continental,"Convertible, Sedan, Coupe",444,2019-06-03
1997,INFINITI,Q,Sedan,445,2008-10-06
1998,Isuzu,Rodeo,SUV,446,2007-07-24
1996,Chrysler,Sebring,"Coupe, Convertible",447,2020-02-02
2010,Volkswagen,Passat,"Sedan, Wagon",448,2021-03-02
1997,Oldsmobile,Achieva,"Sedan, Coupe",449,2021-02-25
1993,Buick,Park Avenue,Sedan,450,2010-01-11
2012,Audi,Q5,SUV,451,2015-12-17
1995,Jeep,Wrangler,SUV,452,2014-10-03
2002,GMC,Savana 3500 Passenger,Van/Minivan,453,2006-04-17
2007,Dodge,Dakota Quad Cab,Pickup,454,2002-09-03
1993,Lexus,SC,Coupe,455,2013-10-21
2010,Chevrolet,Express 2500 Cargo,Van/Minivan,1656,2008-10-03
2008,GMC,Sierra 1500 Crew Cab,Pickup,457,2022-05-15
2006,Volvo,V50,Wagon,458,2010-12-19
1997,Toyota,Celica,"Hatchback, Coupe, Convertible",459,2003-06-25
2012,Dodge,Journey,SUV,460,2003-04-12
2003,MAZDA,B-Series Regular Cab,Pickup,461,2007-10-21
1998,Mercury,Sable,"Wagon, Sedan",462,2022-05-19
2019,Chevrolet,Trax,SUV,463,2006-06-25
1992,Geo,Tracker,SUV,464,2010-09-30
2006,Toyota,Tundra Access Cab,Pickup,830,2016-09-03
1992,Oldsmobile,88,Sedan,466,2019-10-24
1996,Ford,Econoline E150 Cargo,Van/Minivan,467,2013-10-13
2005,Chevrolet,Colorado Crew Cab,Pickup,468,2015-06-05
1996,GMC,2500 Club Coupe,Pickup,993,2004-07-16
2014,Ford,Fusion,Sedan,470,2000-10-28
2015,Nissan,LEAF,Hatchback,1341,2000-07-07
2009,Toyota,Avalon,Sedan,472,2015-03-31
2006,Volvo,XC70,Wagon,1644,2018-03-16
2007,Isuzu,i-370 Crew Cab,Pickup,474,2015-10-11
2010,GMC,Sierra 1500 Extended Cab,Pickup,657,2007-07-30
1998,GMC,Sonoma Regular Cab,Pickup,476,2012-08-13
1999,MAZDA,Millenia,Sedan,477,2015-10-19
2008,Toyota,Tundra CrewMax,Pickup,478,2016-09-02
2006,Rolls-Royce,Phantom,Sedan,479,2003-04-04
2006,GMC,Savana 1500 Passenger,Van/Minivan,480,2003-10-30
2004,Jaguar,XK,"Coupe, Convertible",483,2002-12-29
2020,Toyota,Yaris Hatchback,Hatchback,880,2023-06-26
2004,Jaguar,XK,"Coupe, Convertible",483,2002-12-29
2005,Chevrolet,SSR,Pickup,484,2002-11-15
2001,Cadillac,DeVille,Sedan,485,2016-10-04
2001,Volkswagen,Eurovan,Van/Minivan,486,2005-11-18
1996,Mitsubishi,Galant,Sedan,487,2012-02-27
2006,Nissan,Murano,SUV,488,2001-03-30
2016,Nissan,LEAF,Hatchback,489,2003-03-02
2005,GMC,Canyon Regular Cab,Pickup,490,2023-09-01
2018,Subaru,BRZ,Coupe,491,2020-03-09
2014,MAZDA,MX-5 Miata,Convertible,492,2023-07-16
2013,Dodge,Dart,Sedan,1702,2022-10-13
2007,Chevrolet,Uplander Passenger,Van/Minivan,494,2011-02-04
2015,Tesla,Model S,Sedan,495,2017-01-27
2016,Nissan,Maxima,Sedan,496,2022-10-04
2009,Chrysler,Town & Country,Van/Minivan,497,2004-04-17
1992,Cadillac,Eldorado,Coupe,498,2008-01-01
1992,Daihatsu,Charade,"Sedan, Hatchback",499,2018-05-22
2008,Acura,TL,Sedan,500,2000-04-29
2004,Ford,Crown Victoria,Sedan,501,2010-07-17
2002,Lexus,RX,SUV,502,2022-05-16
2012,BMW,5 Series,Sedan,562,2010-09-28
1999,GMC,Savana 1500 Passenger,Van/Minivan,504,2020-05-12
1993,Honda,Prelude,Coupe,505,2009-12-18
2010,Toyota,Sienna,Van/Minivan,506,2005-03-12
2007,Nissan,350Z,"Coupe, Convertible",507,2000-11-19
1995,Oldsmobile,Cutlass Supreme,"Convertible, Sedan, Coupe",797,2014-05-09
2020,BMW,3 Series,Sedan,1283,2016-05-14
2020,Chevrolet,Corvette,"Coupe, Convertible",510,2019-09-10
2001,Honda,Odyssey,Van/Minivan,526,2023-10-28
2005,Chevrolet,TrailBlazer,SUV,512,2002-08-26
2005,Ford,F150 Super Cab,Pickup,513,2006-01-02
1996,Lexus,LS,Sedan,514,2019-09-22
1994,Acura,Legend,"Coupe, Sedan",515,2016-11-04
2015,Subaru,Outback,SUV,516,2011-07-26
2016,Ford,Focus,"Sedan, Hatchback",517,2003-02-09
2017,Lincoln,MKC,SUV,518,2007-08-05
1997,Toyota,Previa,Van/Minivan,1581,2002-06-10
2004,Ford,E250 Super Duty Cargo,Van/Minivan,520,2021-10-11
2006,Chevrolet,Express 1500 Cargo,Van/Minivan,521,2013-04-09
2012,Mercedes-Benz,C-Class,"Sedan, Coupe",522,2004-12-16
2018,BMW,4 Series,"Coupe, Sedan, Convertible",523,2011-11-01
2003,Ford,Explorer Sport Trac,Pickup,524,2014-11-22
1993,Volkswagen,Passat,"Sedan, Wagon",525,2015-07-10
2001,Honda,Odyssey,Van/Minivan,526,2023-10-28
2002,Mercedes-Benz,G-Class,SUV,527,2000-07-28
2019,Nissan,Maxima,Sedan,528,2002-01-16
2017,Acura,RLX Sport Hybrid,Sedan,529,2018-12-09
1994,Toyota,Land Cruiser,SUV,530,2006-04-26
1997,MAZDA,MX-6,Coupe,531,2011-06-18
2010,Hyundai,Accent,"Hatchback, Sedan",843,2023-03-06
2013,MAZDA,MAZDA6,Sedan,533,2001-12-01
1995,Cadillac,Seville,Sedan,1238,2015-11-14
1996,Cadillac,DeVille,Sedan,535,2021-09-25
2009,Volkswagen,New Beetle,"Hatchback, Convertible",536,2002-03-23
2007,Hyundai,Entourage,Van/Minivan,537,2012-08-02
2002,Suzuki,Aerio,"Wagon, Sedan",538,2019-06-14
2008,Lexus,LX,SUV,539,2014-01-23
1993,Dodge,Ram Wagon B250,Van/Minivan,1125,2012-09-19
1997,GMC,Suburban 2500,SUV,541,2000-04-17
2011,Ram,1500 Quad Cab,Pickup,542,2004-11-14
2018,Land Rover,Discovery,SUV,543,2013-08-26
2011,Aston Martin,Rapide,Sedan,544,2019-03-19
2016,Ford,C-MAX Energi,Wagon,545,2020-10-08
2012,Mercedes-Benz,E-Class,"Sedan, Coupe, Convertible, Wagon",546,2007-07-29
2003,Chevrolet,Avalanche 1500,Pickup,547,2021-02-12
2003,Cadillac,Escalade EXT,Pickup,548,2014-10-12
2007,GMC,Sierra (Classic) 2500 HD Extended Cab,Pickup,549,2012-04-15
2011,Dodge,Caliber,Wagon,550,2006-06-20
2004,Suzuki,Forenza,Sedan,551,2019-07-19
2012,Volkswagen,Jetta,Sedan,552,2000-12-05
2003,Hyundai,Accent,"Hatchback, Sedan",771,2012-04-10
2000,Ford,Mustang,"Convertible, Coupe",554,2008-07-02
2012,Ram,3500 Crew Cab,Pickup,555,2016-05-17
2001,MAZDA,Millenia,Sedan,556,2005-03-19
2003,Audi,allroad,Wagon,557,2019-05-06
2006,Chevrolet,Corvette,"Coupe, Convertible",558,2008-10-27
2004,Oldsmobile,Bravada,SUV,559,2004-08-19
2002,Dodge,Ram Wagon 3500,Van/Minivan,560,2018-08-21
2019,Tesla,Model X,SUV,561,2016-04-16
2012,BMW,5 Series,Sedan,562,2010-09-28
2015,BMW,X3,SUV,563,2001-08-25
2006,Dodge,Ram 3500 Quad Cab,Pickup,564,2003-03-11
2003,Oldsmobile,Silhouette,Van/Minivan,565,2012-01-10
2001,MAZDA,B-Series Cab Plus,Pickup,998,2018-04-14
2008,Volvo,S60,Sedan,567,2022-02-19
2013,Toyota,Camry,Sedan,568,2017-01-02
2004,Mercury,Mountaineer,SUV,569,2022-08-22
2015,GMC,Sierra 1500 Crew Cab,Pickup,570,2009-08-14
2008,Ford,Taurus,Sedan,571,2000-11-09
1992,Mercedes-Benz,300 SL,Convertible,572,2007-11-26
2004,Toyota,Echo,Sedan,573,2002-10-12
2018,Jaguar,XF,"Sedan, Wagon",574,2004-11-19
2019,Cadillac,ATS,Coupe,1825,2008-06-30
1992,Mercedes-Benz,300 D,Sedan,576,2009-05-29
2011,Acura,TL,Sedan,577,2007-08-14
2009,Chevrolet,Colorado Crew Cab,Pickup,578,2010-10-31
1992,Toyota,Camry,"Sedan, Wagon",579,2021-02-14
2018,Honda,Clarity Plug-in Hybrid,Sedan,580,2012-07-01
2013,Honda,Fit,Hatchback,581,2002-04-16
2009,Maserati,GranTurismo,Coupe,582,2010-02-12
1993,Dodge,Dakota Regular Cab,Pickup,583,2014-10-29
2001,Plymouth,Neon,Sedan,584,2020-07-06
2008,Jeep,Commander,SUV,1593,2020-03-15
2012,Mercedes-Benz,Sprinter 3500 Cargo,Van/Minivan,586,2003-12-03
1996,Chevrolet,Sportvan G30,Van/Minivan,587,2014-10-02
2000,Audi,A8,Sedan,588,2003-01-18
2002,Chevrolet,Suburban 1500,SUV,589,2022-07-17
2003,Volvo,V70,Wagon,590,2019-12-19
1998,Suzuki,Sidekick,SUV,591,2007-07-05
1992,Oldsmobile,Achieva,"Sedan, Coupe",592,2004-11-21
2008,Ford,F350 Super Duty Regular Cab,Pickup,593,2016-05-08
2000,Saab,5-Sep,"Wagon, Sedan",594,2015-03-22
2004,Lexus,GX,SUV,595,2017-01-15
2000,Dodge,Ram 2500 Regular Cab,Pickup,596,2018-11-23
2010,Land Rover,LR2,SUV,597,2008-05-13
2002,Daewoo,Leganza,Sedan,598,2000-01-24
2014,Volvo,XC70,Wagon,599,2017-03-15
1996,Nissan,Pathfinder,SUV,600,2013-10-06
2013,Buick,Enclave,SUV,601,2015-07-08
2003,Oldsmobile,Bravada,SUV,602,2019-12-19
2006,Chrysler,Sebring,"Sedan, Convertible",603,2023-05-10
2003,Chevrolet,SSR,Pickup,604,2013-05-04
2019,Toyota,Tundra Double Cab,Pickup,605,2016-08-06
1996,Ford,F350 Super Cab,Pickup,606,2005-06-29
2018,Hyundai,Santa Fe Sport,SUV,607,2018-04-21
2016,Aston Martin,DB9 GT,"Coupe, Convertible",608,2001-10-09
2014,Mercedes-Benz,G-Class,SUV,609,2006-11-09
2017,Aston Martin,Vantage,"Convertible, Coupe",610,2009-05-10
2020,Jeep,Wrangler Unlimited,SUV,973,2017-11-26
2013,Aston Martin,DB9,"Coupe, Convertible",612,2015-11-19
2013,Audi,S7,Sedan,1617,2000-05-10
2003,Honda,Odyssey,Van/Minivan,829,2012-12-12
1999,Nissan,Sentra,Sedan,615,2022-12-11
2006,Cadillac,STS,Sedan,616,2010-07-21
2004,Volvo,S60,Sedan,764,2011-09-02
2014,Toyota,Tacoma Regular Cab,Pickup,618,2000-01-06
2017,GMC,Sierra 3500 HD Crew Cab,Pickup,619,2007-12-24
1999,Ford,Econoline E350 Cargo,Van/Minivan,620,2020-05-29
1997,Toyota,Supra,Hatchback,621,2006-06-19
1992,Chevrolet,Camaro,"Hatchback, Convertible",622,2011-04-11
2017,Dodge,Grand Caravan Passenger,Van/Minivan,623,2005-07-22
2004,Acura,RL,Sedan,624,2004-02-24
2015,Volkswagen,Jetta,Sedan,625,2017-05-26
2001,Chevrolet,Express 3500 Cargo,Van/Minivan,626,2005-04-23
2009,MAZDA,MAZDA3,"Sedan, Hatchback",627,2002-05-22
1995,Ford,Windstar Passenger,Van/Minivan,1542,2020-12-31
2004,Acura,TL,Sedan,629,2018-04-01
2017,INFINITI,QX60,SUV,630,2015-12-31
1999,Volkswagen,GTI (New),Hatchback,631,2006-12-05
1995,GMC,Safari Passenger,Van/Minivan,632,2023-02-05
2016,BMW,X4,SUV,633,2015-11-22
1999,Honda,Accord,"Coupe, Sedan",634,2020-06-11
2004,Kia,Spectra,"Sedan, Hatchback",635,2010-05-23
2005,INFINITI,FX,SUV,1749,2020-07-04
2016,Volkswagen,CC,Sedan,637,2004-03-07
1992,Cadillac,Seville,Sedan,638,2021-08-18
2008,Mercedes-Benz,R-Class,Wagon,639,2015-06-02
2012,Mercedes-Benz,Sprinter 2500 Crew,Van/Minivan,640,2009-04-13
2011,Chevrolet,Express 2500 Cargo,Van/Minivan,641,2018-11-11
2012,McLaren,MP4-12C,Coupe,1595,2002-07-18
2002,Toyota,Camry,Sedan,643,2016-05-26
2014,Audi,A7,Sedan,644,2017-08-16
2000,Dodge,Viper,"Convertible, Coupe",1671,2019-07-23
2004,Honda,Accord,"Sedan, Coupe",646,2016-09-18
2006,GMC,Canyon Regular Cab,Pickup,647,2020-07-18
2014,Ram,1500 Quad Cab,Pickup,648,2017-04-29
2012,Mercedes-Benz,SLS-Class,"Convertible, Coupe",649,2005-09-30
2008,Jeep,Wrangler,SUV,650,2010-08-19
2014,Hyundai,Azera,Sedan,651,2018-07-01
2018,Audi,S5,"Sedan, Coupe, Convertible",652,2015-10-28
2019,Ford,F350 Super Duty Crew Cab,Pickup,653,2002-01-14
2020,Cadillac,Escalade ESV,SUV,654,2002-02-08
2019,Ford,F350 Super Duty Super Cab,Pickup,655,2020-01-24
1992,Nissan,Maxima,Sedan,656,2022-10-24
2010,GMC,Sierra 1500 Extended Cab,Pickup,657,2007-07-30
2013,Lexus,CT,Hatchback,658,2008-12-23
2002,Chrysler,Town & Country,Van/Minivan,659,2004-01-17
2010,Volvo,S40,Sedan,660,2022-12-08
2009,Toyota,Tundra Double Cab,Pickup,661,2017-12-19
2010,Volvo,C70,Convertible,662,2016-02-16
2012,Chevrolet,Cruze,Sedan,663,2008-12-17
2015,INFINITI,QX60,SUV,664,2023-09-18
2017,Chevrolet,Express 3500 Passenger,Van/Minivan,665,2017-10-15
2001,Dodge,Durango,SUV,666,2003-03-28
2002,Chevrolet,Express 2500 Passenger,Van/Minivan,667,2009-05-31
2020,Honda,Passport,SUV,668,2016-11-16
2008,Dodge,Dakota Extended Cab,Pickup,669,2011-08-03
2000,Nissan,Sentra,Sedan,1258,2013-08-27
2000,Mercury,Mountaineer,SUV,1988,2019-06-17
2007,Chrysler,Town & Country,Van/Minivan,1843,2004-01-13
2014,BMW,X3,SUV,673,2017-12-21
2016,GMC,Savana 2500 Cargo,Van/Minivan,674,2013-11-21
1993,GMC,1500 Regular Cab,Pickup,675,2005-11-30
2012,Honda,Civic,"Coupe, Sedan",676,2007-11-18
2013,MAZDA,MAZDA2,Hatchback,677,2019-05-08
2009,Toyota,RAV4,SUV,678,2023-02-12
1993,Volkswagen,Jetta III,Sedan,679,2013-04-24
1993,Ford,Ranger Regular Cab,Pickup,680,2021-01-27
2000,Mercedes-Benz,C-Class,Sedan,681,2010-10-30
2016,Acura,RDX,SUV,682,2018-02-28
1994,Pontiac,Trans Sport,Van/Minivan,683,2006-03-15
1996,Dodge,Ram Van 2500,Van/Minivan,684,2008-02-19
1998,Hyundai,Sonata,Sedan,685,2011-11-01
2000,Chevrolet,Express 3500 Cargo,Van/Minivan,686,2012-01-03
2017,MINI,Hardtop 2 Door,Hatchback,687,2019-01-22
1999,Mercedes-Benz,CL-Class,Coupe,688,2016-03-16
1998,Acura,TL,Sedan,858,2003-04-12
2013,Nissan,LEAF,Hatchback,1432,2023-07-25
2020,BMW,X5,SUV,691,2012-03-11
2014,Mitsubishi,i-MiEV,Hatchback,692,2001-11-26
2001,Toyota,Sequoia,SUV,693,2000-04-26
2020,Kia,Optima,Sedan,694,2002-12-15
1995,Toyota,Tacoma Regular Cab,Pickup,695,2023-09-30
2006,Pontiac,Montana SV6,Van/Minivan,696,2011-11-22
2003,Dodge,Ram 3500 Quad Cab,Pickup,697,2012-11-05
2005,Jaguar,XK,"Coupe, Convertible",698,2016-09-23
2019,BMW,M5,Sedan,699,2006-01-07
1996,Kia,Sephia,Sedan,700,2019-02-27
2011,Mitsubishi,Galant,Sedan,701,2011-03-30
1994,Ford,F150 Super Cab,Pickup,702,2003-11-15
2004,Audi,A8,Sedan,703,2015-10-16
2014,Honda,Odyssey,Van/Minivan,704,2010-05-04
2005,Toyota,Matrix,Wagon,705,2008-04-02
2005,GMC,Envoy,SUV,1785,2009-12-25
2009,GMC,Sierra 1500 Crew Cab,Pickup,1384,2012-01-13
2008,Chevrolet,Silverado 1500 Crew Cab,Pickup,708,2002-06-01
2018,McLaren,570S,"Coupe, Convertible",1855,2007-10-23
1998,GMC,3500 Club Coupe,Pickup,710,2012-09-12
2017,BMW,7 Series,Sedan,711,2018-03-23
2002,Toyota,Prius,Sedan,712,2019-01-25
2012,Audi,A3,Wagon,713,2006-12-17
2010,Hyundai,Accent,"Hatchback, Sedan",843,2023-03-06
2020,Chevrolet,Silverado 3500 HD Crew Cab,Pickup,715,2014-02-02
1993,Acura,Integra,"Hatchback, Sedan",716,2009-06-28
2007,Cadillac,CTS,Sedan,717,2003-11-15
2012,Nissan,Altima,"Coupe, Sedan",718,2000-11-26
2003,Honda,CR-V,SUV,719,2011-02-08
2015,Jeep,Cherokee,SUV,720,2008-03-03
2017,Freightliner,Sprinter 3500 Cargo,Van/Minivan,721,2004-11-01
2009,Maybach,62,Sedan,722,2022-03-31
2017,Chevrolet,Express 2500 Cargo,Van/Minivan,723,2012-11-15
2008,Hyundai,Veracruz,SUV,724,2023-05-17
2019,Mitsubishi,Eclipse Cross,SUV,725,2003-11-19
2011,Jeep,Patriot,SUV,726,2005-09-24
2007,Dodge,Dakota Club Cab,Pickup,727,2003-12-12
2016,Audi,A5,"Coupe, Convertible",728,2020-04-20
2003,Dodge,Ram 2500 Quad Cab,Pickup,729,2017-12-15
2003,HUMMER,H2,SUV,730,2022-01-09
2016,Dodge,Charger,Sedan,731,2004-01-04
2014,Cadillac,Escalade,SUV,732,2009-07-24
1996,MAZDA,MPV,Van/Minivan,733,2005-10-09
2007,Hyundai,Elantra,Sedan,734,2020-10-12
2014,Chevrolet,Traverse,SUV,735,2005-10-19
2001,GMC,Sonoma Crew Cab,Pickup,736,2000-03-15
2000,Dodge,Avenger,Coupe,737,2007-01-02
1995,Ford,Thunderbird,Coupe,738,2010-03-18
1992,GMC,Rally Wagon 3500,Van/Minivan,739,2008-04-26
1997,Chevrolet,Lumina,Sedan,740,2013-12-20
2013,Volkswagen,GTI,Hatchback,741,2014-03-08
2019,Toyota,Tundra CrewMax,Pickup,742,2005-02-07
2012,Porsche,911,"Coupe, Convertible",743,2019-08-25
1998,Chevrolet,Metro,"Hatchback, Sedan",744,2010-06-09
1992,Dodge,D250 Regular Cab,Pickup,745,2017-04-10
2020,Ford,Mustang,"Coupe, Convertible",746,2012-02-13
2004,Subaru,Impreza,"Wagon, Sedan",747,2006-05-22
2006,Hyundai,Azera,Sedan,748,2017-05-05
2003,Chevrolet,Corvette,"Coupe, Convertible",749,2020-01-05
2010,MAZDA,CX-9,SUV,750,2023-02-07
2001,Dodge,Ram 3500 Regular Cab,Pickup,751,2022-10-24
1996,Pontiac,Sunfire,"Sedan, Coupe, Convertible",1805,2017-05-27
2015,Mercedes-Benz,Sprinter 3500 Cargo,Van/Minivan,753,2004-11-27
2007,Ford,Expedition EL,SUV,754,2020-10-04
2009,Chevrolet,Aveo,"Sedan, Hatchback",755,2002-02-09
1998,Toyota,Corolla,Sedan,756,2019-10-15
2013,BMW,X5,SUV,757,2009-03-27
2020,Ford,Ranger SuperCab,Pickup,758,2018-12-20
2018,Lexus,LX,SUV,759,2018-12-30
1998,Pontiac,Firebird,"Coupe, Convertible",760,2003-01-05
2002,Subaru,Forester,SUV,761,2000-03-31
2010,Aston Martin,DBS,"Coupe, Convertible",762,2012-09-14
2000,Toyota,4Runner,SUV,763,2015-10-22
2004,Volvo,S60,Sedan,764,2011-09-02
1999,Mercedes-Benz,M-Class,SUV,765,2002-12-12
2002,Toyota,Corolla,Sedan,766,2010-11-29
2015,Audi,S5,"Coupe, Convertible",767,2008-01-05
1993,Saab,900,"Hatchback, Sedan, Convertible",768,2019-07-18
1994,Dodge,Ram Wagon B150,Van/Minivan,1129,2015-01-05
2008,GMC,Canyon Extended Cab,Pickup,770,2015-08-20
2003,Hyundai,Accent,"Hatchback, Sedan",771,2012-04-10
2009,Ford,Flex,SUV,1826,2018-09-02
2017,Nissan,Maxima,Sedan,773,2004-11-28
2016,Toyota,RAV4,SUV,774,2013-07-24
1993,Volvo,960,"Sedan, Wagon",775,2012-02-28
1994,GMC,Safari Passenger,Van/Minivan,776,2008-08-06
1997,Dodge,Ram 3500 Regular Cab,Pickup,777,2014-04-03
2009,Honda,Odyssey,Van/Minivan,778,2017-09-10
2010,Audi,R8,Coupe,779,2022-07-23
1997,Dodge,Grand Caravan Passenger,Van/Minivan,780,2004-10-03
2003,Audi,S8,Sedan,781,2015-02-24
2015,Audi,R8,"Coupe, Convertible",1925,2005-05-22
2013,Acura,MDX,SUV,783,2018-08-19
1993,Ford,Probe,Hatchback,784,2003-12-08
1999,Land Rover,Discovery,SUV,785,2001-04-09
2004,Toyota,Tundra Regular Cab,Pickup,786,2005-08-17
1992,Audi,Quattro,Sedan,787,2006-08-28
2017,Jaguar,XJ,Sedan,1426,2011-03-20
2020,Hyundai,Accent,Sedan,789,2001-03-16
2013,Volkswagen,Beetle,"Hatchback, Convertible",790,2011-10-02
2006,Mercedes-Benz,CL-Class,Coupe,791,2008-06-06
2006,Subaru,B9 Tribeca,SUV,792,2000-02-15
1992,Pontiac,Sunbird,"Sedan, Coupe, Convertible",793,2018-11-18
2003,Ford,F250 Super Duty Regular Cab,Pickup,794,2020-06-07
2012,Nissan,Rogue,SUV,795,2021-06-21
2005,Toyota,Prius,Hatchback,796,2015-05-28
1995,Oldsmobile,Cutlass Supreme,"Convertible, Sedan, Coupe",797,2014-05-09
2005,Hyundai,Elantra,"Hatchback, Sedan",798,2010-08-26
2014,Nissan,Murano,SUV,799,2008-02-10
2013,Ford,C-MAX Energi,Wagon,800,2002-03-05
2008,Dodge,Ram 1500 Mega Cab,Pickup,801,2015-03-10
2017,Mitsubishi,Outlander,SUV,802,2007-11-15
1998,Saturn,S-Series,"Coupe, Sedan, Wagon",803,2021-06-16
1994,INFINITI,J,Sedan,804,2012-04-10
2019,Kia,Rio,"Sedan, Hatchback",805,2008-06-05
2016,Scion,FR-S,Coupe,806,2021-04-12
2009,Porsche,Cayenne,SUV,807,2007-09-20
1994,BMW,3 Series,"Sedan, Coupe, Convertible",808,2012-02-13
2004,Porsche,911,"Convertible, Coupe",1385,2001-07-06
2018,Toyota,Avalon Hybrid,Sedan,810,2022-07-17
1994,Toyota,Supra,Hatchback,811,2007-03-20
2019,Volkswagen,Golf Alltrack,Wagon,812,2003-07-29
1995,Chevrolet,Tahoe,SUV,813,2019-02-13
1993,Toyota,Tercel,"Coupe, Sedan",814,2012-07-12
2010,Chevrolet,Colorado Regular Cab,Pickup,815,2016-12-29
1995,Volkswagen,GTI,Hatchback,816,2011-07-30
2012,Scion,xD,Hatchback,817,2004-05-24
2015,Kia,Optima Hybrid,Sedan,1770,2019-12-22
1995,Toyota,Supra,Hatchback,819,2002-12-06
2009,Kia,Sedona,Van/Minivan,820,2006-06-11
2018,MAZDA,CX-3,SUV,905,2011-12-09
1996,Chevrolet,Caprice Classic,"Sedan, Wagon",822,2014-04-19
2007,Saturn,Aura,Sedan,823,2017-12-29
1998,Isuzu,Amigo,SUV,824,2003-12-12
2007,Aston Martin,DB9,"Convertible, Coupe",825,2006-06-25
2002,Toyota,Sequoia,SUV,826,2017-04-13
1996,Chevrolet,1500 Regular Cab,Pickup,827,2006-11-03
2016,Volvo,XC90,SUV,828,2010-10-31
2003,Honda,Odyssey,Van/Minivan,829,2012-12-12
2006,Toyota,Tundra Access Cab,Pickup,830,2016-09-03
2010,Mitsubishi,Lancer,"Sedan, Hatchback",1007,2012-07-16
2006,Kia,Amanti,Sedan,832,2006-08-28
2007,GMC,Sierra (Classic) 1500 HD Crew Cab,Pickup,833,2003-12-15
2009,Audi,S6,Sedan,834,2015-10-21
2015,Scion,tC,Coupe,835,2013-01-13
1995,Oldsmobile,Aurora,Sedan,836,2018-04-30
1993,Plymouth,Voyager,Van/Minivan,837,2011-03-12
2017,Rolls-Royce,Ghost,Sedan,838,2016-04-21
2015,GMC,Canyon Extended Cab,Pickup,1764,2013-09-03
2008,Toyota,Sienna,Van/Minivan,840,2013-02-22
1994,Ford,Econoline E350 Cargo,Van/Minivan,841,2014-03-18
2019,Chevrolet,Traverse,SUV,842,2017-07-24
2010,Hyundai,Accent,"Hatchback, Sedan",843,2023-03-06
2001,Ford,ZX2,Coupe,844,2011-07-09
2017,Audi,R8,"Coupe, Convertible",845,2015-09-28
2013,Audi,A6,Sedan,846,2023-08-26
2013,Audi,A4,Sedan,1813,2000-05-29
2013,Nissan,Murano,SUV,848,2012-05-19
2009,INFINITI,G,"Coupe, Sedan, Convertible",849,2015-03-27
2009,BMW,M3,"Coupe, Sedan, Convertible",1154,2020-04-23
2003,Honda,S2000,Convertible,851,2004-07-07
1996,Chevrolet,Impala,Sedan,852,2023-11-16
2011,Volvo,XC70,Wagon,853,2017-03-04
2009,Saturn,Outlook,SUV,854,2009-02-20
2008,Subaru,Tribeca,SUV,855,2008-01-26
2015,GMC,Savana 2500 Passenger,Van/Minivan,1680,2019-01-19
2002,Ford,Excursion,SUV,857,2021-07-09
1998,Acura,TL,Sedan,858,2003-04-12
2004,Chrysler,Concorde,Sedan,859,2008-05-05
1993,GMC,Rally Wagon 2500,Van/Minivan,860,2017-08-03
2011,Porsche,Panamera,Sedan,861,2016-03-13
2020,Chevrolet,Tahoe,SUV,862,2010-11-24
2018,Ferrari,488 GTB,Coupe,1612,2008-01-08
2012,BMW,7 Series,Sedan,1232,2004-03-15
2018,Audi,A4 allroad,Wagon,865,2008-08-04
2004,Ford,F250 Super Duty Super Cab,Pickup,866,2010-01-05
2018,Audi,S7,Sedan,867,2006-07-16
2003,Kia,Spectra,"Sedan, Hatchback",868,2007-03-07
2013,Subaru,Tribeca,SUV,869,2010-03-19
2017,Acura,NSX,Coupe,1370,2007-02-18
2019,Chevrolet,Silverado 2500 HD Regular Cab,Pickup,871,2018-04-18
2012,Toyota,RAV4,SUV,872,2016-03-20
2016,MINI,Hardtop 4 Door,Hatchback,873,2002-07-02
1998,Chevrolet,2500 Extended Cab,Pickup,1181,2019-08-30
2011,Ford,F150 SuperCrew Cab,Pickup,875,2018-10-06
2019,GMC,Sierra 2500 HD Double Cab,Pickup,1158,2007-03-28
2011,Buick,LaCrosse,Sedan,877,2019-03-08
2010,GMC,Savana 1500 Passenger,Van/Minivan,1910,2004-03-11
2006,Chevrolet,TrailBlazer,SUV,879,2001-11-01
2020,Toyota,Yaris Hatchback,Hatchback,880,2023-06-26
2011,Nissan,370Z,"Coupe, Convertible",881,2012-10-16
2014,Ford,C-MAX Hybrid,Wagon,882,2010-08-04
2004,Volvo,S80,Sedan,883,2009-09-30
2012,Kia,Forte,"Sedan, Hatchback, Coupe",884,2021-03-26
2018,Toyota,Avalon,Sedan,885,2014-10-07
2007,Lotus,Exige S,Coupe,886,2011-02-07
2007,GMC,Sierra 3500 HD Crew Cab,Pickup,887,2002-06-15
1996,Land Rover,Range Rover,SUV,888,2010-09-15
1996,Isuzu,Rodeo,SUV,889,2020-03-27
1999,Chevrolet,Lumina,Sedan,890,2006-05-21
1999,Pontiac,Bonneville,Sedan,891,2011-10-27
2018,Kia,Forte5,Hatchback,892,2019-09-03
1996,Oldsmobile,Bravada,SUV,893,2021-05-07
2019,Lexus,NX,SUV,894,2014-07-23
2017,Ford,F350 Super Duty Crew Cab,Pickup,1074,2020-08-19
2015,BMW,i3,Hatchback,896,2004-09-28
2017,Toyota,Prius v,Wagon,897,2020-08-19
2006,Nissan,Titan Crew Cab,Pickup,898,2013-11-24
1999,Pontiac,Sunfire,"Coupe, Sedan, Convertible",899,2001-07-27
2003,MAZDA,B-Series Cab Plus,Pickup,900,2006-11-12
1999,Suzuki,Vitara,SUV,901,2018-02-12
2017,Ford,Transit 150 Van,Van/Minivan,902,2021-08-27
2019,Chrysler,Pacifica Hybrid,Van/Minivan,903,2021-11-17
2018,Freightliner,Sprinter 2500 Cargo,Van/Minivan,904,2019-04-27
2018,MAZDA,CX-3,SUV,905,2011-12-09
1992,Subaru,SVX,Coupe,906,2015-05-20
2016,BMW,Z4,Convertible,907,2001-09-08
2008,Saturn,VUE,SUV,908,2000-09-26
2001,Hyundai,Elantra,"Hatchback, Sedan",909,2014-07-24
2018,Rolls-Royce,Ghost,Sedan,910,2012-06-15
2014,Nissan,NV1500 Cargo,Van/Minivan,911,2006-05-12
2012,GMC,Yukon XL 1500,SUV,912,2021-06-01
2014,Lexus,LX,SUV,913,2018-12-14
1998,Ford,F150 Regular Cab,Pickup,914,2015-01-30
1997,Isuzu,Oasis,Van/Minivan,915,2004-03-10
2010,GMC,Terrain,SUV,916,2021-09-30
2018,Ferrari,Portofino,Convertible,917,2015-07-22
2006,Maybach,57,Sedan,918,2001-12-02
2015,Kia,Optima Hybrid,Sedan,1770,2019-12-22
1997,Dodge,Ram Van 1500,Van/Minivan,920,2010-01-28
2001,Chevrolet,Silverado 1500 Extended Cab,Pickup,921,2004-04-27
1997,Geo,Tracker,SUV,922,2010-04-18
1992,Pontiac,Trans Sport,Van/Minivan,1266,2003-08-29
2019,Mercedes-Benz,Mercedes-AMG CLA,Sedan,924,2021-03-26
2005,Dodge,Neon,Sedan,925,2006-07-04
2019,Audi,e-tron,SUV,946,2011-05-10
2010,Chevrolet,Silverado 1500 Extended Cab,Pickup,927,2012-05-03
2018,Dodge,Challenger,Coupe,928,2017-11-03
2003,Oldsmobile,Alero,"Sedan, Coupe",929,2003-03-31
2002,Mitsubishi,Diamante,Sedan,930,2007-04-12
2012,BMW,1 Series,"Convertible, Coupe",931,2018-12-23
2015,BMW,X4,SUV,932,2002-11-18
2019,Ford,Taurus,Sedan,1778,2022-07-30
2019,Ford,Transit 350 Wagon,Van/Minivan,934,2013-01-30
2007,Suzuki,XL7,SUV,935,2010-06-15
1998,Volvo,V70,Wagon,936,2023-06-28
2001,Dodge,Ram 1500 Quad Cab,Pickup,937,2020-02-01
2004,Jaguar,S-Type,Sedan,938,2002-10-07
1999,Lexus,SC,Coupe,939,2017-02-14
1995,Mercury,Cougar,Coupe,940,2004-11-25
1998,Land Rover,Discovery,SUV,941,2020-11-30
2012,Mitsubishi,Galant,Sedan,942,2006-03-31
2003,Chrysler,PT Cruiser,Wagon,943,2016-01-29
2017,BMW,4 Series,"Sedan, Coupe, Convertible",944,2009-03-24
2012,Ford,F350 Super Duty Super Cab,Pickup,945,2000-05-23
2019,Audi,e-tron,SUV,946,2011-05-10
2019,Audi,A3,"Convertible, Sedan",947,2014-04-25
2001,Toyota,Tundra Regular Cab,Pickup,948,2002-11-24
1995,Oldsmobile,Silhouette,Van/Minivan,949,2022-08-04
2007,GMC,Yukon XL 2500,SUV,950,2008-10-24
2015,Mercedes-Benz,Sprinter 2500 Passenger,Van/Minivan,951,2003-12-21
1999,Buick,Century,Sedan,952,2019-01-31
2017,Audi,TT,"Coupe, Convertible",953,2004-02-02
1999,BMW,Z3,"Convertible, Coupe",954,2001-02-02
1993,Ford,Taurus,"Wagon, Sedan",955,2010-08-17
1994,Pontiac,Bonneville,Sedan,1735,2006-08-09
2014,Toyota,Tundra Double Cab,Pickup,957,2014-01-22
2010,Maybach,57,Sedan,1197,2017-03-29
1992,Chevrolet,Suburban 1500,SUV,959,2015-09-14
2017,Aston Martin,Rapide S,Sedan,960,2006-02-19
2019,Dodge,Journey,SUV,961,2000-08-05
2019,Ram,ProMaster Cargo Van,Van/Minivan,962,2013-06-30
2019,Mercedes-Benz,GLC Coupe,SUV,963,2002-01-29
2002,BMW,M5,Sedan,1917,2019-07-31
1992,Buick,Park Avenue,Sedan,965,2008-10-29
2011,Chevrolet,Express 2500 Passenger,Van/Minivan,966,2002-08-02
2015,GMC,Canyon Crew Cab,Pickup,967,2007-08-28
2002,Nissan,Xterra,SUV,968,2009-08-24
2013,Nissan,JUKE,SUV,969,2023-03-21
2011,Nissan,Armada,SUV,970,2006-11-01
2002,Volkswagen,Eurovan,Van/Minivan,971,2016-01-06
2002,Jaguar,S-Type,Sedan,1389,2022-05-27
2020,Jeep,Wrangler Unlimited,SUV,973,2017-11-26
2006,Dodge,Magnum,Wagon,1416,2017-03-12
1999,Ford,F150 Regular Cab,Pickup,975,2001-09-03
2015,Mercedes-Benz,CLS-Class,Sedan,976,2010-12-03
1993,MAZDA,323,Hatchback,977,2007-11-22
2003,Jaguar,XJ,Sedan,978,2009-10-26
2010,MAZDA,MAZDA3,"Sedan, Hatchback",979,2021-02-21
2018,Dodge,Durango,SUV,1446,2005-03-29
2009,Lexus,IS F,Sedan,981,2017-04-14
2016,Ford,F350 Super Duty Crew Cab,Pickup,982,2020-12-21
2018,Toyota,RAV4,SUV,983,2002-08-21
2010,Nissan,Versa,"Sedan, Hatchback",984,2010-05-22
2000,Volkswagen,New Beetle,Hatchback,985,2015-04-16
2002,Dodge,Ram 3500 Regular Cab,Pickup,1728,2020-12-14
2003,Nissan,Frontier King Cab,Pickup,987,2006-09-25
2015,Jeep,Compass,SUV,988,2010-02-13
2002,Lincoln,Blackwood,Pickup,989,2013-08-24
1994,Nissan,Altima,Sedan,990,2003-07-11
2018,Nissan,Rogue Sport,SUV,991,2014-09-13
2010,Chevrolet,Express 3500 Cargo,Van/Minivan,992,2007-08-17
1996,GMC,2500 Club Coupe,Pickup,993,2004-07-16
2020,Hyundai,Ioniq Plug-in Hybrid,Hatchback,994,2015-08-25
2007,Dodge,Grand Caravan Passenger,Van/Minivan,995,2013-03-26
1995,Toyota,Previa,Van/Minivan,996,2006-05-20
2017,Cadillac,XTS,Sedan,997,2008-08-30
2001,MAZDA,B-Series Cab Plus,Pickup,998,2018-04-14
2012,Kia,Sorento,SUV,1290,2005-05-22
2001,Chevrolet,Silverado 2500 HD Extended Cab,Pickup,1000,2021-01-31
2002,Mercedes-Benz,CLK-Class,"Coupe, Convertible",1001,2003-01-24
2003,Toyota,Tundra Regular Cab,Pickup,1002,2011-01-04
2011,Porsche,911,"Convertible, Coupe",1288,2008-09-29
2000,GMC,Savana 2500 Cargo,Van/Minivan,1004,2016-02-23
2014,Porsche,Boxster,Convertible,1005,2002-11-25
2013,Lamborghini,Aventador,"Coupe, Convertible",1006,2009-11-14
2010,Mitsubishi,Lancer,"Sedan, Hatchback",1007,2012-07-16
2017,Toyota,RAV4,SUV,1008,2006-02-13
1998,Dodge,Neon,"Sedan, Coupe",1009,2020-02-15
1996,Suzuki,Swift,Hatchback,1010,2015-02-27
2004,Pontiac,Vibe,Wagon,1011,2000-10-08
2010,Dodge,Ram 2500 Crew Cab,Pickup,1012,2002-06-28
1993,Ford,Explorer,SUV,1607,2012-05-02
1995,Ford,Contour,Sedan,1621,2013-08-27
1998,Dodge,Intrepid,Sedan,1536,2023-05-19
1998,Toyota,Land Cruiser,SUV,1016,2002-09-09
2005,Mercedes-Benz,SL-Class,Convertible,1017,2011-11-18
2014,Land Rover,Range Rover,SUV,1018,2002-09-30
2006,Dodge,Ram 2500 Regular Cab,Pickup,1019,2004-06-01
1999,Chevrolet,Cavalier,"Coupe, Sedan, Convertible",1020,2020-06-04
2014,Chrysler,Town & Country,Van/Minivan,1021,2021-06-04
2006,Chevrolet,Colorado Crew Cab,Pickup,1022,2016-09-13
2002,MAZDA,MX-5 Miata,Convertible,1023,2022-07-12
2019,Toyota,Mirai,Sedan,1024,2005-03-24
2007,Chevrolet,Monte Carlo,Coupe,1025,2000-09-14
2013,Ford,F250 Super Duty Crew Cab,Pickup,1721,2006-06-10
2005,BMW,3 Series,"Sedan, Coupe, Convertible, Wagon",1027,2020-12-13
2017,Ford,Transit Connect Passenger,Van/Minivan,1028,2000-07-11
2006,Toyota,RAV4,SUV,1029,2023-10-12
2017,Chevrolet,Sonic,"Sedan, Hatchback",1030,2011-08-11
2007,Kia,Optima,Sedan,1031,2011-12-04
2007,Ferrari,612 Scaglietti,Coupe,1032,2001-06-22
2017,Chevrolet,Volt,Hatchback,1657,2015-05-07
2011,Mercedes-Benz,CL-Class,Coupe,1034,2022-02-20
2011,Chevrolet,Colorado Regular Cab,Pickup,1035,2011-02-24
1996,Chevrolet,Beretta,Coupe,1036,2018-08-28
2019,BMW,X6 M,SUV,1037,2007-08-07
1999,Pontiac,Grand Prix,"Sedan, Coupe",1038,2011-12-06
1992,Ford,Mustang,"Coupe, Convertible",1962,2015-07-05
2008,Acura,RL,Sedan,1887,2017-10-28
2012,Mercedes-Benz,Sprinter 2500 Passenger,Van/Minivan,1041,2017-11-01
2007,Scion,tC,Coupe,1042,2006-03-25
2020,Honda,Ridgeline,Pickup,1043,2020-01-03
2019,Lincoln,Navigator,SUV,1044,2020-02-04
2018,Mercedes-Benz,C-Class,"Convertible, Coupe, Sedan",1045,2006-08-24
2020,Nissan,NV3500 HD Passenger,Van/Minivan,1046,2006-10-01
2003,Ford,Explorer Sport,SUV,1047,2023-03-23
2001,Nissan,Frontier King Cab,Pickup,1048,2009-09-17
1993,Ford,Econoline E350 Cargo,Van/Minivan,1049,2003-02-21
2010,Dodge,Avenger,Sedan,1050,2020-10-11
2018,Lincoln,MKT,SUV,1051,2000-09-01
2004,Ford,Focus,"Sedan, Hatchback, Wagon",1052,2014-12-28
1994,Suzuki,Sidekick,SUV,1053,2001-05-30
2001,GMC,Savana 2500 Cargo,Van/Minivan,1054,2007-12-04
1996,Audi,A6,"Sedan, Wagon",1055,2020-08-19
2002,Porsche,Boxster,Convertible,1056,2002-04-06
2013,Nissan,GT-R,Coupe,1057,2017-04-07
1999,Lexus,ES,Sedan,1058,2002-08-18
1993,GMC,3500 Club Coupe,Pickup,1059,2013-07-11
2004,MINI,Cooper,Hatchback,1060,2010-10-18
2017,Ram,1500 Crew Cab,Pickup,1061,2015-05-31
2015,Toyota,Sienna,Van/Minivan,1062,2005-03-05
2013,Subaru,Impreza,"Sedan, Wagon",1063,2014-07-17
2002,Dodge,Grand Caravan Passenger,Van/Minivan,1064,2016-06-06
1992,GMC,2500 Club Coupe,Pickup,1065,2008-06-19
2019,Mercedes-Benz,Mercedes-AMG GLS,SUV,1090,2018-09-28
1998,Dodge,Dakota Regular Cab,Pickup,1067,2020-01-20
2016,GMC,Canyon Crew Cab,Pickup,1068,2015-04-23
2014,Toyota,Avalon,Sedan,1069,2018-02-02
1997,Suzuki,Swift,Hatchback,1070,2000-05-20
2016,INFINITI,QX50,SUV,1716,2012-01-23
1994,Isuzu,Amigo,SUV,1072,2021-10-15
2014,BMW,5 Series,Sedan,1073,2016-05-12
2017,Ford,F350 Super Duty Crew Cab,Pickup,1074,2020-08-19
1999,GMC,Safari Passenger,Van/Minivan,1075,2012-03-14
1994,Dodge,Ram Van B150,Van/Minivan,1076,2014-01-09
1998,Dodge,Ram 1500 Club Cab,Pickup,1077,2001-06-15
2002,Toyota,Tundra Access Cab,Pickup,1078,2010-03-27
2020,Subaru,WRX,Sedan,1079,2013-08-30
2018,Mercedes-Benz,Metris WORKER Passenger,Van/Minivan,1080,2006-02-25
2006,Chevrolet,Uplander Passenger,Van/Minivan,1081,2020-10-16
2016,Ford,Mustang,"Coupe, Convertible",1082,2015-11-02
2018,Jaguar,F-TYPE,"Convertible, Coupe",1083,2000-04-17
1993,Alfa Romeo,164,Sedan,1084,2010-11-13
2009,Kia,Borrego,SUV,1085,2008-09-25
2016,Acura,ILX,Sedan,1086,2012-05-22
2004,Mercedes-Benz,SLK-Class,Convertible,1087,2006-10-04
2009,Chevrolet,Express 3500 Cargo,Van/Minivan,1429,2007-04-20
2017,Chrysler,Pacifica,Van/Minivan,1089,2016-07-02
2019,Mercedes-Benz,Mercedes-AMG GLS,SUV,1090,2018-09-28
2000,Chevrolet,Astro Cargo,Van/Minivan,1091,2002-12-08
1992,Mitsubishi,Mirage,"Hatchback, Sedan",1092,2007-08-31
1993,GMC,2500 Regular Cab,Pickup,1093,2005-06-26
1997,Ford,Escort,"Sedan, Wagon",1094,2018-08-11
2008,MINI,Convertible,Convertible,1095,2014-02-19
2009,MAZDA,RX-8,Coupe,1497,2018-10-12
2003,Chevrolet,Silverado 2500 HD Extended Cab,Pickup,1097,2007-03-28
2012,MINI,Countryman,Hatchback,1098,2017-05-17
2020,Jaguar,F-PACE,SUV,1099,2017-05-26
2018,Alfa Romeo,Stelvio,SUV,1405,2004-07-16
2014,Toyota,Prius c,Hatchback,1410,2016-01-08
2000,MAZDA,MPV,Van/Minivan,1102,2000-06-07
1992,Dodge,D150 Regular Cab,Pickup,1103,2016-08-08
2007,Ford,Freestyle,SUV,1104,2012-04-10
2005,Chevrolet,Cavalier,"Sedan, Coupe",1105,2005-04-20
2006,Subaru,Impreza,"Wagon, Sedan",1106,2020-01-17
2006,Mitsubishi,Outlander,SUV,1107,2018-04-03
2019,BMW,4 Series,"Convertible, Sedan, Coupe",1108,2020-01-10
1995,Chevrolet,G-Series G10,Van/Minivan,1109,2021-06-13
2011,Lincoln,Navigator L,SUV,1110,2020-06-10
2018,Ford,Focus,"Sedan, Hatchback",1111,2005-05-12
2002,Volkswagen,Passat,"Sedan, Wagon",1112,2014-04-02
2007,Dodge,Ram 2500 Quad Cab,Pickup,1113,2019-09-21
1992,Toyota,Land Cruiser,SUV,1114,2007-10-15
2015,Hyundai,Tucson Fuel Cell,SUV,1115,2004-02-27
2019,BMW,M4,"Coupe, Convertible",1116,2013-06-07
1998,Audi,Cabriolet,Convertible,1117,2012-10-09
2009,Porsche,Boxster,Convertible,1118,2005-08-07
2017,Mercedes-Benz,Mercedes-AMG GLC,SUV,1119,2006-01-05
2004,Buick,Rainier,SUV,1120,2011-01-28
2003,Ford,Windstar Passenger,Van/Minivan,1121,2022-07-19
1995,Dodge,Viper,Convertible,1122,2017-12-05
2019,Ford,EcoSport,SUV,1123,2002-05-24
2007,Mercury,Milan,Sedan,1124,2000-04-17
1993,Dodge,Ram Wagon B250,Van/Minivan,1125,2012-09-19
2020,Mercedes-Benz,GLC,SUV,1126,2016-04-25
1999,Honda,Passport,SUV,1127,2021-04-09
1999,Chevrolet,Silverado 1500 Extended Cab,Pickup,1128,2009-12-22
1994,Dodge,Ram Wagon B150,Van/Minivan,1129,2015-01-05
2008,Ford,E250 Cargo,Van/Minivan,1130,2008-10-25
1994,Chrysler,Town & Country,Van/Minivan,1131,2002-06-06
2016,Lexus,RC,Coupe,1132,2010-06-12
2015,Maserati,Quattroporte,Sedan,1133,2022-05-30
2017,Chevrolet,Silverado 1500 Crew Cab,Pickup,1269,2017-12-27
2004,Suzuki,Aerio,"Sedan, Wagon",1135,2022-04-11
2007,Mercedes-Benz,SLK-Class,Convertible,1136,2007-01-26
2009,GMC,Savana 2500 Cargo,Van/Minivan,1137,2023-09-18
1997,Chevrolet,Suburban 2500,SUV,1138,2012-09-24
2016,Audi,S3,Sedan,1139,2018-08-31
2000,Toyota,RAV4,SUV,1140,2021-07-25
2006,Scion,xA,Hatchback,1141,2009-10-07
1996,Toyota,Celica,"Hatchback, Convertible, Coupe",1142,2011-05-13
1999,Dodge,Avenger,Coupe,1297,2011-11-18
2002,Chevrolet,Monte Carlo,Coupe,1144,2018-09-03
2003,Honda,Insight,Hatchback,1145,2019-01-27
2009,Subaru,Forester,SUV,1146,2008-09-16
2020,Lincoln,Navigator,SUV,1147,2022-09-27
2010,INFINITI,FX,SUV,1148,2017-05-17
1998,Eagle,Talon,Hatchback,1149,2018-09-21
2020,Kia,Soul,Wagon,1150,2018-02-11
2006,Mercedes-Benz,SL-Class,Convertible,1151,2009-07-03
2020,Nissan,NV200,Van/Minivan,1152,2018-10-07
2015,Honda,Accord,"Sedan, Coupe",1153,2020-06-13
2009,BMW,M3,"Coupe, Sedan, Convertible",1154,2020-04-23
2010,Lamborghini,Murcielago,"Coupe, Convertible",1155,2002-11-27
1995,Cadillac,Fleetwood,Sedan,1156,2007-05-28
2008,smart,fortwo,"Hatchback, Convertible",1157,2005-05-13
2019,GMC,Sierra 2500 HD Double Cab,Pickup,1158,2007-03-28
2019,Audi,A7,Sedan,1159,2000-02-16
2003,Volkswagen,Passat,"Wagon, Sedan",1160,2016-03-14
2014,Ford,Mustang,"Coupe, Convertible",1161,2001-06-18
2013,Mercedes-Benz,CLS-Class,Coupe,1498,2002-12-01
2007,Bentley,Continental,"Sedan, Coupe, Convertible",1163,2015-05-15
2012,Mercedes-Benz,SLK-Class,Convertible,1164,2007-04-05
2016,Jaguar,XF,Sedan,1165,2008-04-08
2002,Saturn,VUE,SUV,1166,2009-01-05
2011,BMW,M3,"Convertible, Coupe, Sedan",1167,2023-03-04
2006,INFINITI,G,"Coupe, Sedan",1168,2014-11-05
2004,Mitsubishi,Galant,Sedan,1169,2005-12-06
2017,Subaru,BRZ,Coupe,1170,2017-11-25
2012,Chevrolet,Traverse,SUV,1171,2016-03-10
2006,Land Rover,LR3,SUV,1172,2020-11-10
2006,Dodge,Viper,"Coupe, Convertible",1173,2002-08-15
2018,GMC,Savana 3500 Cargo,Van/Minivan,1356,2005-11-19
1999,Dodge,Neon,"Coupe, Sedan",1175,2001-05-16
2012,Ford,Explorer,SUV,1176,2000-11-25
1994,Mitsubishi,3000GT,Coupe,1177,2014-01-28
2000,Mercury,Grand Marquis,Sedan,1178,2023-04-11
2003,Porsche,Boxster,Convertible,1179,2003-09-01
2015,Nissan,Titan Crew Cab,Pickup,1180,2006-08-19
1998,Chevrolet,2500 Extended Cab,Pickup,1181,2019-08-30
2013,BMW,X6 M,SUV,1182,2018-02-03
1992,Nissan,240SX,"Hatchback, Coupe, Convertible",1183,2006-05-16
2005,BMW,X3,SUV,1184,2010-06-17
1993,Chevrolet,Astro Passenger,Van/Minivan,1185,2018-03-31
2017,BMW,X5,SUV,1186,2012-11-23
1999,Dodge,Ram 1500 Quad Cab,Pickup,1187,2022-05-19
2019,Jaguar,I-PACE,SUV,1188,2009-02-14
2017,Chevrolet,Cruze,"Hatchback, Sedan",1189,2015-06-03
2014,Toyota,Yaris,Hatchback,1292,2007-01-22
2002,Ford,Windstar Cargo,Van/Minivan,1191,2005-12-05
1997,Ford,Mustang,"Convertible, Coupe",1250,2007-10-24
2004,Mercury,Grand Marquis,Sedan,1193,2017-04-30
2007,Suzuki,Forenza,"Sedan, Wagon",1194,2013-06-27
2001,Toyota,Tacoma Xtracab,Pickup,1195,2022-04-15
2001,GMC,Savana 1500 Cargo,Van/Minivan,1196,2005-04-10
2010,Maybach,57,Sedan,1197,2017-03-29
2006,Cadillac,SRX,SUV,1198,2018-10-08
2018,Mercedes-Benz,Metris WORKER Cargo,Van/Minivan,1744,2022-10-12
1993,Lexus,LS,Sedan,1200,2016-02-13
2010,Chevrolet,Cobalt,"Sedan, Coupe",1201,2004-03-10
2000,Toyota,Tundra Access Cab,Pickup,1202,2003-01-26
1999,Toyota,4Runner,SUV,1203,2021-08-01
2006,Saturn,Relay,Van/Minivan,1204,2017-01-19
2011,Ferrari,599 GTO,Coupe,1205,2015-05-07
2011,Ram,3500 Crew Cab,Pickup,1206,2002-01-26
2000,Dodge,Dakota Club Cab,Pickup,1207,2022-06-29
1998,Subaru,Forester,SUV,1208,2008-02-07
2004,Buick,Century,Sedan,1209,2011-08-19
2007,Hyundai,Sonata,Sedan,1210,2018-12-03
2002,Chevrolet,Silverado 2500 HD Extended Cab,Pickup,1211,2014-07-01
2012,Nissan,370Z,"Convertible, Coupe",1212,2022-01-13
1992,Dodge,Ram Wagon B150,Van/Minivan,1213,2005-07-01
1999,Honda,CR-V,SUV,1214,2017-11-24
2017,Ford,Transit 250 Van,Van/Minivan,1215,2023-09-04
2005,Chevrolet,Express 3500 Cargo,Van/Minivan,1216,2007-01-10
2006,Lexus,ES,Sedan,1217,2001-12-05
2006,BMW,X5,SUV,1218,2014-09-17
2019,Ford,Expedition,SUV,1219,2002-11-01
2010,Chevrolet,Camaro,Coupe,1220,2015-09-18
2002,Kia,Sportage,SUV,1221,2015-07-04
2004,GMC,Safari Cargo,Van/Minivan,1222,2001-12-17
1993,Porsche,928,Hatchback,1223,2015-10-19
1997,Jaguar,XJ,Sedan,1224,2015-10-08
2013,Acura,ILX,Sedan,1225,2021-05-21
2000,Lincoln,Continental,Sedan,1226,2022-02-04
2007,Jeep,Grand Cherokee,SUV,1227,2001-11-23
1996,GMC,Safari Passenger,Van/Minivan,1228,2020-10-10
2007,Ford,E150 Super Duty Cargo,Van/Minivan,1229,2022-04-03
2008,Nissan,Titan King Cab,Pickup,1230,2013-05-18
2007,Isuzu,Ascender,SUV,1231,2003-01-19
2012,BMW,7 Series,Sedan,1232,2004-03-15
2016,Cadillac,CT6,Sedan,1233,2020-02-06
2001,Honda,CR-V,SUV,1234,2016-08-17
2008,Chevrolet,Tahoe,SUV,1235,2008-09-16
2007,BMW,6 Series,"Coupe, Convertible",1236,2001-06-20
2019,Subaru,WRX,Sedan,1237,2016-03-01
1995,Cadillac,Seville,Sedan,1238,2015-11-14
2004,Toyota,Sequoia,SUV,1239,2023-07-16
2013,Audi,A8,Sedan,1240,2023-05-27
2020,Lexus,ES,Sedan,1241,2010-05-31
1999,Isuzu,Trooper,SUV,1242,2017-06-26
1995,Suzuki,Swift,Hatchback,1243,2023-11-16
2002,Chevrolet,Tracker,SUV,1244,2003-01-13
2018,Nissan,NV3500 HD Cargo,Van/Minivan,1245,2023-10-23
2019,Mercedes-Benz,SLC,Convertible,1489,2022-03-06
2001,Honda,Insight,Hatchback,1247,2012-08-13
1998,INFINITI,Q,Sedan,1248,2015-05-15
2014,Chevrolet,Express 2500 Cargo,Van/Minivan,1249,2000-06-04
1997,Ford,Mustang,"Convertible, Coupe",1250,2007-10-24
2005,Audi,S4,"Convertible, Wagon, Sedan",1251,2011-06-27
1992,GMC,Rally Wagon 1500,Van/Minivan,1252,2003-11-23
2009,Dodge,Ram 1500 Quad Cab,Pickup,1253,2016-06-20
1997,Acura,CL,Coupe,1254,2014-09-22
2005,MAZDA,MPV,Van/Minivan,1255,2001-01-19
2015,Chevrolet,Traverse,SUV,1256,2009-08-27
2020,Ford,Edge,SUV,1257,2008-05-25
2000,Nissan,Sentra,Sedan,1258,2013-08-27
2015,Chevrolet,Trax,SUV,1259,2007-11-01
2017,Mercedes-Benz,Mercedes-Maybach S-Class,Sedan,1260,2007-04-27
2010,Honda,Accord,"Sedan, Coupe",1261,2003-11-19
1997,Dodge,Ram Van 2500,Van/Minivan,1262,2020-05-03
2000,Ford,Windstar Cargo,Van/Minivan,1263,2015-03-11
2005,Mercury,Monterey,Van/Minivan,1264,2023-02-05
2002,Mercury,Villager,Van/Minivan,1265,2003-04-29
1992,Pontiac,Trans Sport,Van/Minivan,1266,2003-08-29
2006,Dodge,Sprinter 2500 Passenger,Van/Minivan,1267,2022-10-08
1999,Saab,3-Sep,"Hatchback, Convertible",1268,2022-06-27
2017,Chevrolet,Silverado 1500 Crew Cab,Pickup,1269,2017-12-27
2007,GMC,Sierra (Classic) 1500 Extended Cab,Pickup,1270,2003-10-03
2005,Mercedes-Benz,M-Class,SUV,1271,2023-07-09
2009,Rolls-Royce,Phantom,"Convertible, Coupe, Sedan",1272,2004-06-06
2018,Freightliner,Sprinter WORKER Cargo,Van/Minivan,1273,2014-06-21
2008,MAZDA,CX-7,SUV,1274,2019-09-13
2006,Chevrolet,Colorado Regular Cab,Pickup,1275,2019-02-28
1995,Isuzu,Rodeo,SUV,1611,2018-10-22
1995,Buick,Riviera,Coupe,1277,2006-01-29
2017,Toyota,Corolla,Sedan,1278,2010-07-30
2011,Hyundai,Sonata,Sedan,1279,2015-05-18
2007,Mercedes-Benz,M-Class,SUV,1280,2004-12-21
2010,Mercedes-Benz,S-Class,Sedan,1281,2009-01-03
2018,Aston Martin,DB11,Coupe,1470,2007-03-26
2020,BMW,3 Series,Sedan,1283,2016-05-14
1996,Dodge,Ram 2500 Regular Cab,Pickup,1284,2007-05-26
2010,Ford,Focus,"Sedan, Coupe",1285,2002-02-11
2005,Lexus,LX,SUV,1286,2021-08-25
1993,Nissan,King Cab,Pickup,1287,2015-01-30
2011,Porsche,911,"Convertible, Coupe",1288,2008-09-29
1993,Oldsmobile,Cutlass Supreme,"Coupe, Convertible, Sedan",1289,2015-08-16
2012,Kia,Sorento,SUV,1290,2005-05-22
2000,Chevrolet,Silverado 2500 HD Extended Cab,Pickup,1291,2007-10-08
2014,Toyota,Yaris,Hatchback,1292,2007-01-22
2009,GMC,Savana 1500 Passenger,Van/Minivan,1293,2006-02-21
2003,Kia,Sorento,SUV,1294,2004-11-13
1993,MAZDA,B-Series Cab Plus,Pickup,1295,2012-06-21
2011,Ferrari,599 GTB Fiorano,Coupe,1296,2010-11-01
1999,Dodge,Avenger,Coupe,1297,2011-11-18
2018,Chevrolet,Silverado 2500 HD Double Cab,Pickup,1539,2004-07-18
1997,Toyota,T100 Xtracab,Pickup,1299,2011-06-04
2016,Mercedes-Benz,B-Class,Hatchback,1300,2010-06-07
2014,Nissan,Pathfinder,SUV,1301,2014-12-04
2006,Hyundai,Accent,Sedan,1302,2003-01-23
2018,GMC,Sierra 1500 Crew Cab,Pickup,1303,2004-01-08
2004,Jeep,Liberty,SUV,1304,2019-02-16
2004,Mercedes-Benz,E-Class,"Sedan, Wagon",1305,2010-06-14
2007,Honda,CR-V,SUV,1306,2019-09-26
2004,Chevrolet,Venture Passenger,Van/Minivan,1307,2021-05-16
1997,Ford,Probe,Hatchback,1308,2016-08-28
2019,Nissan,Sentra,Sedan,1309,2009-05-03
2001,Hyundai,XG300,Sedan,1310,2008-02-27
2015,Chevrolet,Sonic,"Sedan, Hatchback",1311,2005-12-20
2017,Nissan,Rogue,SUV,1312,2004-07-28
2014,Lexus,GX,SUV,1313,2016-12-07
2004,Nissan,Quest,Van/Minivan,1314,2022-08-05
2012,Maybach,57,Sedan,1315,2017-04-05
2007,Dodge,Sprinter 2500 Cargo,Van/Minivan,1316,2011-01-27
2020,Toyota,Avalon,Sedan,1317,2014-08-22
2006,Dodge,Charger,Sedan,1318,2000-01-14
1993,Mercedes-Benz,300 CE,"Coupe, Convertible",1319,2004-10-13
1994,Chevrolet,Corsica,Sedan,1646,2006-11-09
1994,Mercury,Villager,Van/Minivan,1321,2018-09-08
1997,BMW,3 Series,"Coupe, Hatchback, Convertible, Sedan",1322,2011-11-25
1992,Plymouth,Acclaim,Sedan,1323,2006-07-31
2013,GMC,Sierra 1500 Regular Cab,Pickup,1324,2011-02-21
2002,Volkswagen,Jetta,"Sedan, Wagon",1325,2015-06-06
2017,Toyota,Tundra Double Cab,Pickup,1326,2007-06-20
2020,Subaru,Crosstrek,SUV,1327,2016-05-21
1994,Lincoln,Town Car,Sedan,1328,2014-07-24
2015,Bentley,Flying Spur,Sedan,1329,2004-12-06
1999,Dodge,Ram 3500 Regular Cab,Pickup,1330,2018-04-07
2005,GMC,Envoy,SUV,1785,2009-12-25
2012,Chrysler,Town & Country,Van/Minivan,1332,2016-12-16
2011,Kia,Sorento,SUV,1333,2014-03-04
2004,Toyota,Tacoma Xtracab,Pickup,1334,2022-11-01
1997,Dodge,Ram Wagon 2500,Van/Minivan,1335,2022-12-31
2002,BMW,5 Series,"Sedan, Wagon",1336,2003-12-09
2014,Nissan,NV3500 HD Cargo,Van/Minivan,1337,2010-02-17
1993,Ford,F250 Regular Cab,Pickup,1338,2022-12-14
2003,BMW,M3,"Coupe, Convertible",1339,2000-01-10
2019,Mercedes-Benz,Mercedes-AMG GLE Coupe,SUV,1700,2020-01-26
2015,Nissan,LEAF,Hatchback,1341,2000-07-07
2015,Ferrari,458 Italia,Coupe,1342,2001-12-30
2003,GMC,Savana 1500 Cargo,Van/Minivan,1343,2019-06-12
2011,Chevrolet,Colorado Extended Cab,Pickup,1344,2014-12-28
2009,MAZDA,MX-5 Miata,Convertible,1345,2021-06-24
2016,Hyundai,Sonata,Sedan,1346,2006-09-16
2018,Hyundai,Elantra,Sedan,1347,2002-11-02
2018,Subaru,Crosstrek,SUV,1348,2006-10-14
2017,Kia,Soul,Wagon,1349,2018-04-11
1997,Porsche,911,"Coupe, Convertible",1350,2021-02-03
2011,GMC,Savana 3500 Passenger,Van/Minivan,1351,2004-02-17
2007,Ford,E350 Super Duty Passenger,Van/Minivan,1352,2010-02-25
1998,Chevrolet,Suburban 1500,SUV,1353,2002-10-27
1996,Dodge,Ram 3500 Regular Cab,Pickup,1354,2002-07-27
2007,Honda,Element,SUV,1355,2006-08-06
2018,GMC,Savana 3500 Cargo,Van/Minivan,1356,2005-11-19
1999,GMC,Envoy,SUV,1357,2004-01-18
2018,Mercedes-Benz,Mercedes-AMG GLC,SUV,1358,2006-05-22
1996,Toyota,4Runner,SUV,1359,2023-07-17
2013,Chevrolet,Avalanche,SUV,1360,2020-08-06
2008,Toyota,Land Cruiser,SUV,1361,2018-07-13
2013,Chevrolet,Express 3500 Cargo,Van/Minivan,1362,2006-10-19
2018,Mercedes-Benz,Mercedes-AMG S-Class,"Coupe, Convertible, Sedan",1363,2019-10-22
2015,INFINITI,QX70,SUV,1364,2023-06-18
2001,Jeep,Wrangler,SUV,1365,2018-12-04
2000,Honda,Odyssey,Van/Minivan,1366,2022-04-13
2003,Ford,F150 SuperCrew Cab,Pickup,1367,2007-06-08
2020,Lexus,LX,SUV,1368,2010-02-05
2014,Scion,tC,Coupe,1369,2019-08-23
2017,Acura,NSX,Coupe,1370,2007-02-18
2013,Ford,Transit Connect Passenger,Van/Minivan,1371,2017-07-23
2011,Chevrolet,Camaro,"Coupe, Convertible",1372,2005-02-15
2007,MAZDA,MAZDA6,"Sedan, Hatchback, Wagon",1373,2000-05-31
2014,Hyundai,Veloster,Coupe,1374,2016-01-29
2019,GMC,Sierra 1500 Crew Cab,Pickup,1476,2004-10-06
1996,Isuzu,Hombre Regular Cab,Pickup,1376,2012-07-06
1992,Isuzu,Regular Cab,Pickup,1377,2010-03-11
2000,Acura,NSX,"Coupe, Convertible",1378,2010-02-14
2015,Scion,FR-S,Coupe,1379,2003-11-30
2019,Hyundai,Sonata,Sedan,1380,2011-09-06
2002,Toyota,Tacoma Regular Cab,Pickup,1462,2013-06-14
2005,Toyota,Sequoia,SUV,1382,2002-05-30
2008,Audi,A6,"Sedan, Wagon",1383,2015-02-27
2009,GMC,Sierra 1500 Crew Cab,Pickup,1384,2012-01-13
2004,Porsche,911,"Convertible, Coupe",1385,2001-07-06
2018,Volkswagen,Golf,Hatchback,1386,2011-08-18
1992,Chevrolet,Caprice,"Sedan, Wagon",1387,2007-01-23
2013,Land Rover,LR4,SUV,1388,2008-12-23
2002,Jaguar,S-Type,Sedan,1389,2022-05-27
2002,Audi,A6,"Wagon, Sedan",1506,2013-01-11
2006,Mercedes-Benz,E-Class,"Sedan, Wagon",1391,2009-06-26
1999,Hyundai,Accent,"Hatchback, Sedan",1392,2014-12-08
2017,GMC,Sierra 1500 Regular Cab,Pickup,1393,2002-07-27
2003,Chrysler,300M,Sedan,1394,2002-10-17
2000,Toyota,Celica,Hatchback,1395,2013-10-06
1996,Dodge,Dakota Regular Cab,Pickup,1396,2015-10-10
1996,INFINITI,I,Sedan,1397,2006-06-30
2004,BMW,X5,SUV,1398,2017-12-19
1999,Nissan,Maxima,Sedan,1399,2007-01-05
2016,Buick,Envision,SUV,1400,2014-06-02
2004,Ford,E350 Super Duty Passenger,Van/Minivan,1401,2020-06-24
2009,Ferrari,612 Scaglietti,Coupe,1402,2019-05-24
2002,Isuzu,Trooper,SUV,1403,2018-01-29
1997,Audi,A6,"Wagon, Sedan",1878,2017-04-05
2018,Alfa Romeo,Stelvio,SUV,1405,2004-07-16
1992,Volkswagen,Passat,"Sedan, Wagon",1406,2022-10-07
2007,Toyota,Corolla,Sedan,1407,2011-10-01
2020,Jeep,Grand Cherokee,SUV,1408,2018-12-06
2018,Audi,A3 Sportback e-tron,Wagon,1409,2007-07-18
2014,Toyota,Prius c,Hatchback,1410,2016-01-08
2013,Chevrolet,Express 2500 Cargo,Van/Minivan,1411,2012-07-20
1998,Ford,Explorer,SUV,1412,2009-06-21
1995,GMC,Vandura G3500,Van/Minivan,1413,2002-07-12
2016,Honda,Pilot,SUV,1414,2021-11-15
2005,Chevrolet,Uplander Passenger,Van/Minivan,1415,2005-06-28
2006,Dodge,Magnum,Wagon,1416,2017-03-12
1994,Mercury,Grand Marquis,Sedan,1417,2003-03-15
1997,Dodge,Ram 1500 Club Cab,Pickup,1418,2022-11-17
1997,Chevrolet,Express 1500 Passenger,Van/Minivan,1419,2018-10-08
1992,Volkswagen,Cabriolet,Convertible,1420,2019-11-28
2004,Chevrolet,Silverado 1500 Regular Cab,Pickup,1421,2021-02-10
2020,Dodge,Charger,Sedan,1422,2011-05-25
2014,MINI,Paceman,Hatchback,1423,2022-06-05
2007,Cadillac,Escalade ESV,SUV,1424,2019-04-04
2016,Scion,iA,Sedan,1425,2001-01-20
2017,Jaguar,XJ,Sedan,1426,2011-03-20
1995,Ford,Ranger Regular Cab,Pickup,1427,2003-08-12
2017,BMW,2 Series,"Convertible, Coupe",1428,2011-03-27
2009,Chevrolet,Express 3500 Cargo,Van/Minivan,1429,2007-04-20
1992,Suzuki,Sidekick,SUV,1430,2011-02-13
2001,Suzuki,Grand Vitara,SUV,1431,2008-03-18
2013,Nissan,LEAF,Hatchback,1432,2023-07-25
1996,Acura,RL,Sedan,1433,2013-02-20
2003,Mercedes-Benz,CL-Class,Coupe,1434,2015-06-17
1998,Buick,Riviera,Coupe,1435,2002-12-03
2003,Hyundai,Elantra,"Sedan, Hatchback",1436,2021-08-17
1996,Plymouth,Breeze,Sedan,1437,2008-05-05
1995,Chrysler,LeBaron,Convertible,1438,2017-01-23
2017,Lincoln,MKT,SUV,1439,2009-07-15
1993,Ford,Aerostar Passenger,Van/Minivan,1440,2014-07-08
2000,Toyota,Avalon,Sedan,1441,2014-05-18
2008,Acura,TSX,Sedan,1442,2010-11-17
2003,BMW,X5,SUV,1443,2006-04-22
2018,Kia,Niro,Wagon,1444,2014-12-30
2007,Chrysler,Sebring,Sedan,1445,2007-10-13
2018,Dodge,Durango,SUV,1446,2005-03-29
2019,Volkswagen,e-Golf,Hatchback,1447,2002-01-07
2013,Hyundai,Genesis Coupe,Coupe,1448,2001-10-13
2007,Lamborghini,Gallardo,"Convertible, Coupe",1449,2009-02-03
2003,GMC,Sierra 3500 Extended Cab,Pickup,1450,2007-03-15
2005,Ford,Freestar Passenger,Van/Minivan,1451,2023-10-10
1999,Pontiac,Montana,Van/Minivan,1452,2018-07-04
2008,Toyota,Tacoma Regular Cab,Pickup,1453,2019-10-05
2017,Lexus,LS,Sedan,1454,2001-11-16
2012,Toyota,Sequoia,SUV,1455,2010-12-27
1997,Nissan,King Cab,Pickup,1456,2003-06-15
2006,Chevrolet,Uplander Cargo,Van/Minivan,1457,2017-09-20
1994,Mitsubishi,Mighty Max Regular Cab,Pickup,1458,2019-03-22
2013,Ford,F250 Super Duty Super Cab,Pickup,1459,2018-05-24
2015,Mercedes-Benz,S-Class,"Sedan, Coupe",1587,2006-11-03
2014,MAZDA,MAZDA6,Sedan,1461,2016-04-16
2002,Toyota,Tacoma Regular Cab,Pickup,1462,2013-06-14
1996,Honda,Passport,SUV,1463,2023-10-06
2001,Volvo,C70,"Convertible, Coupe",1464,2018-01-08
2004,Chevrolet,Avalanche 1500,Pickup,1668,2021-11-07
2013,Ford,Taurus,Sedan,1466,2001-10-17
2003,Chevrolet,Suburban 2500,SUV,1467,2002-08-24
2001,Ford,Ranger Super Cab,Pickup,1468,2009-01-30
2019,Hyundai,Accent,Sedan,1469,2022-11-14
2018,Aston Martin,DB11,Coupe,1470,2007-03-26
2002,Buick,Century,Sedan,1471,2003-03-01
2009,Saturn,VUE,SUV,1472,2008-12-16
2002,BMW,M3,"Convertible, Coupe",1473,2021-01-14
2005,Honda,Element,SUV,1474,2002-10-05
2009,Ford,Escape,SUV,1475,2014-12-22
2019,GMC,Sierra 1500 Crew Cab,Pickup,1476,2004-10-06
2015,Chevrolet,Silverado 2500 HD Crew Cab,Pickup,1477,2023-09-21
2013,Chrysler,Town & Country,Van/Minivan,1478,2010-01-26
2003,Cadillac,Seville,Sedan,1479,2001-08-08
2016,Kia,K900,Sedan,1480,2021-03-14
2005,Chrysler,Town & Country,Van/Minivan,1481,2010-07-02
1998,Mitsubishi,Eclipse,"Coupe, Convertible",1482,2020-05-13
2000,Suzuki,Vitara,SUV,1483,2000-09-25
2010,Ford,Transit Connect Passenger,Van/Minivan,1484,2008-05-24
2018,Audi,Q5,SUV,1485,2008-09-11
2003,Ford,Expedition,SUV,1486,2012-01-08
1996,Toyota,Avalon,Sedan,1487,2007-01-25
1999,Toyota,Corolla,Sedan,1488,2007-10-28
2019,Mercedes-Benz,SLC,Convertible,1489,2022-03-06
1997,GMC,Savana 3500 Passenger,Van/Minivan,1490,2017-11-30
2015,Ram,3500 Mega Cab,Pickup,1491,2007-10-26
2011,Mitsubishi,Outlander,SUV,1492,2008-09-12
2004,Toyota,MR2,Convertible,1493,2003-08-05
2011,Chevrolet,Corvette,"Convertible, Coupe",1846,2014-12-04
2009,Volvo,V70,Wagon,1495,2004-05-04
1999,Isuzu,VehiCROSS,SUV,1883,2018-01-16
2009,MAZDA,RX-8,Coupe,1497,2018-10-12
2013,Mercedes-Benz,CLS-Class,Coupe,1498,2002-12-01
1995,Ford,Econoline E250 Cargo,Van/Minivan,1499,2010-02-23
2019,Ford,Ranger SuperCab,Pickup,1500,2013-12-08
2012,Volkswagen,CC,Sedan,1501,2001-11-09
1994,MAZDA,Navajo,SUV,1502,2009-03-14
1999,Toyota,Camry,Sedan,1503,2016-09-12
1994,Chevrolet,G-Series G30,Van/Minivan,1504,2021-02-18
2012,Toyota,Tundra Double Cab,Pickup,1505,2014-02-26
2002,Audi,A6,"Wagon, Sedan",1506,2013-01-11
2003,Ford,E250 Super Duty Cargo,Van/Minivan,1527,2006-06-23
2003,Isuzu,Axiom,SUV,1508,2013-02-11
2013,Chevrolet,Malibu,Sedan,1509,2002-06-05
2019,Chevrolet,Equinox,SUV,1510,2002-07-09
2019,Chevrolet,Express 2500 Cargo,Van/Minivan,1511,2009-06-03
1992,Hyundai,Scoupe,Coupe,1512,2002-09-19
1997,Ford,Aerostar Passenger,Van/Minivan,1513,2015-03-04
2018,Honda,Ridgeline,Pickup,1514,2010-09-24
2011,Volkswagen,Tiguan,SUV,1515,2009-12-05
2001,GMC,Sierra 3500 Extended Cab,Pickup,1516,2001-11-23
2011,Toyota,Tundra Regular Cab,Pickup,1517,2017-05-28
2019,Jaguar,XJ,Sedan,1518,2021-03-14
2000,Volkswagen,GTI,Hatchback,1519,2010-11-24
2011,Kia,Forte,"Sedan, Coupe, Hatchback",1520,2023-06-03
2004,GMC,Canyon Regular Cab,Pickup,1521,2021-05-13
2009,Dodge,Charger,Sedan,1522,2014-12-11
2014,Scion,xD,Hatchback,1523,2018-11-27
2019,Mercedes-Benz,GLS,SUV,1524,2005-01-03
1995,Hyundai,Accent,"Hatchback, Sedan",1525,2000-04-23
2014,INFINITI,QX80,SUV,1526,2003-06-23
2003,Ford,E250 Super Duty Cargo,Van/Minivan,1527,2006-06-23
2011,Ram,3500 Mega Cab,Pickup,1528,2004-11-21
2019,MAZDA,MAZDA6,Sedan,1529,2020-05-25
1995,Ford,Econoline E350 Cargo,Van/Minivan,1530,2003-02-16
2004,BMW,5 Series,Sedan,1531,2000-06-08
2019,Chevrolet,Suburban,SUV,1532,2016-05-09
2005,Ford,Freestyle,SUV,1533,2015-01-05
2003,GMC,Yukon,SUV,1534,2014-02-14
2011,Mercedes-Benz,GL-Class,SUV,1535,2000-04-04
1998,Dodge,Intrepid,Sedan,1536,2023-05-19
1999,Ford,Expedition,SUV,1537,2017-05-30
2018,Mercedes-Benz,Mercedes-AMG GLE Coupe,SUV,1538,2007-07-17
2018,Chevrolet,Silverado 2500 HD Double Cab,Pickup,1539,2004-07-18
2000,Ford,Ranger Super Cab,Pickup,1540,2001-07-05
2018,Chevrolet,Express 2500 Passenger,Van/Minivan,1541,2011-04-13
1995,Ford,Windstar Passenger,Van/Minivan,1542,2020-12-31
2003,BMW,7 Series,Sedan,1543,2005-10-03
1994,Subaru,SVX,Coupe,1544,2021-10-07
1998,Chevrolet,Blazer,SUV,1545,2010-02-16
2000,Honda,Accord,"Sedan, Coupe",1546,2009-09-15
2005,Toyota,Tacoma Access Cab,Pickup,1547,2014-10-12
2003,Chevrolet,Express 2500 Cargo,Van/Minivan,1548,2011-03-26
2006,Ford,F150 Regular Cab,Pickup,1549,2008-08-11
2000,Plymouth,Grand Voyager,Van/Minivan,1550,2004-02-14
1992,GMC,Rally Wagon 2500,Van/Minivan,1551,2010-12-14
2011,Toyota,Tacoma Regular Cab,Pickup,1552,2007-10-02
2002,Chevrolet,S10 Regular Cab,Pickup,1619,2004-03-05
1993,GMC,3500 Regular Cab,Pickup,1554,2004-02-05
2019,Hyundai,Elantra GT,Hatchback,1555,2006-11-15
2010,Buick,Lucerne,Sedan,1556,2012-09-18
2013,Buick,LaCrosse,Sedan,1557,2003-02-23
1999,Saab,5-Sep,"Sedan, Wagon",1558,2002-12-30
2019,Mercedes-Benz,GLE,SUV,1559,2010-01-22
1997,Ford,F350 Regular Cab,Pickup,1560,2004-10-25
1994,Saab,9000,"Hatchback, Sedan",1561,2022-02-17
2009,Nissan,Titan Crew Cab,Pickup,1562,2021-05-20
2010,Ford,F150 Super Cab,Pickup,1563,2009-02-27
1994,Buick,Park Avenue,Sedan,1564,2008-03-10
1994,HUMMER,H1,"SUV, Wagon",1565,2002-05-17
2013,Toyota,RAV4,SUV,1566,2011-03-19
2016,Lincoln,MKT,SUV,1567,2005-01-29
2018,Porsche,Macan,SUV,1568,2004-02-27
2011,Acura,MDX,SUV,1569,2015-03-12
1996,Toyota,Land Cruiser,SUV,1570,2020-08-15
2003,Mercedes-Benz,CLK-Class,"Convertible, Coupe",1571,2021-03-30
2010,GMC,Canyon Regular Cab,Pickup,1572,2003-10-12
1997,Dodge,Dakota Club Cab,Pickup,1573,2021-12-02
2004,Cadillac,SRX,SUV,1574,2002-11-27
2002,BMW,M5,Sedan,1917,2019-07-31
2000,Dodge,Stratus,Sedan,1654,2003-07-24
2008,Toyota,Sequoia,SUV,1577,2018-10-15
2002,Chevrolet,Avalanche 1500,Pickup,1578,2008-11-06
2000,Chevrolet,3500 Extended Cab,Pickup,1579,2004-08-28
1996,GMC,3500 Regular Cab,Pickup,1624,2016-11-30
1997,Toyota,Previa,Van/Minivan,1581,2002-06-10
2007,Jeep,Compass,SUV,1582,2014-06-23
2018,Maserati,GranTurismo,"Coupe, Convertible",1583,2022-05-04
1994,GMC,Vandura 2500,Van/Minivan,1920,2017-08-13
2005,Honda,S2000,Convertible,1585,2006-07-14
2015,Bentley,Continental,"Coupe, Convertible",1586,2008-10-07
2015,Mercedes-Benz,S-Class,"Sedan, Coupe",1587,2006-11-03
2017,Land Rover,Range Rover,SUV,1588,2004-06-19
1996,Acura,NSX,"Coupe, Convertible",1589,2015-01-28
2007,Mercedes-Benz,CLS-Class,Coupe,1590,2009-03-27
2007,Chevrolet,Silverado 1500 Crew Cab,Pickup,1591,2020-10-18
2004,GMC,Savana 2500 Cargo,Van/Minivan,1592,2007-05-12
2008,Jeep,Commander,SUV,1593,2020-03-15
2019,Ford,Fusion,Sedan,1594,2004-11-12
2012,McLaren,MP4-12C,Coupe,1595,2002-07-18
1992,Saab,9000,"Sedan, Hatchback",1596,2006-04-17
2015,INFINITI,Q50,Sedan,1597,2017-10-07
2001,INFINITI,QX,SUV,1598,2000-10-23
2006,Chrysler,PT Cruiser,"Wagon, Convertible",1599,2003-07-17
2001,Chevrolet,Astro Cargo,Van/Minivan,1600,2007-04-30
1998,GMC,Savana 1500 Passenger,Van/Minivan,1985,2008-09-26
2015,Porsche,Macan,SUV,1602,2019-08-12
2013,BMW,X5 M,SUV,1603,2021-01-01
2012,Scion,iQ,Hatchback,1604,2019-08-30
2020,Mitsubishi,Outlander PHEV,SUV,1605,2021-07-28
2018,Ram,2500 Crew Cab,Pickup,1606,2023-05-12
1993,Ford,Explorer,SUV,1607,2012-05-02
2005,Nissan,Titan King Cab,Pickup,1608,2007-12-24
1997,GMC,Savana 1500 Passenger,Van/Minivan,1609,2017-08-07
2006,Volvo,S80,Sedan,1610,2015-04-17
1995,Isuzu,Rodeo,SUV,1611,2018-10-22
2018,Ferrari,488 GTB,Coupe,1612,2008-01-08
2011,Toyota,Corolla,Sedan,1613,2013-03-16
1996,Chevrolet,G-Series G30,Van/Minivan,1614,2005-05-03
2010,Land Rover,LR4,SUV,1615,2012-01-09
2012,Acura,MDX,SUV,1616,2003-08-17
2013,Audi,S7,Sedan,1617,2000-05-10
1993,Oldsmobile,Silhouette,Van/Minivan,1618,2014-06-16
2002,Chevrolet,S10 Regular Cab,Pickup,1619,2004-03-05
2017,BMW,X4,SUV,1620,2009-06-18
1995,Ford,Contour,Sedan,1621,2013-08-27
2006,Volkswagen,Golf,Hatchback,1622,2003-02-23
2017,INFINITI,QX80,SUV,1623,2005-10-01
1996,GMC,3500 Regular Cab,Pickup,1624,2016-11-30
2018,Audi,S4,Sedan,1625,2008-08-28
2014,Land Rover,LR4,SUV,1626,2012-03-09
2017,Chevrolet,Volt,Hatchback,1657,2015-05-07
2010,Ferrari,California,Convertible,1628,2004-03-23
2013,Chevrolet,Express 1500 Cargo,Van/Minivan,1629,2019-06-17
2006,Ford,F350 Super Duty Super Cab,Pickup,1630,2002-11-10
2009,Ford,F350 Super Duty Regular Cab,Pickup,1631,2004-06-21
2006,Volkswagen,GTI,Hatchback,1632,2001-12-29
1995,Chevrolet,Cavalier,"Coupe, Sedan, Convertible",1633,2007-01-10
2003,Chevrolet,Silverado 2500 Extended Cab,Pickup,1634,2011-05-19
2007,Kia,Amanti,Sedan,1635,2007-12-10
2004,Jaguar,X-Type,Sedan,1636,2011-01-29
2001,Ford,F150 Super Cab,Pickup,1637,2014-09-08
1993,Geo,Storm,Coupe,1638,2009-09-16
2013,Land Rover,Range Rover Sport,SUV,1639,2008-05-26
2016,Chevrolet,Silverado 2500 HD Regular Cab,Pickup,1640,2019-12-12
2018,Toyota,Tundra CrewMax,Pickup,1641,2021-11-29
2002,Mercury,Cougar,Coupe,1642,2007-07-08
2003,GMC,Savana 2500 Cargo,Van/Minivan,1643,2002-10-20
2006,Volvo,XC70,Wagon,1644,2018-03-16
1998,Chevrolet,2500 Regular Cab,Pickup,1645,2019-05-25
1994,Chevrolet,Corsica,Sedan,1646,2006-11-09
2011,Jeep,Compass,SUV,1647,2018-07-30
2016,Bentley,Mulsanne,Sedan,1648,2011-10-13
2009,Chevrolet,Express 3500 Passenger,Van/Minivan,1649,2021-01-18
2002,Chevrolet,Tahoe,SUV,1650,2022-03-31
2016,Toyota,Sienna,Van/Minivan,1651,2005-09-13
1994,Geo,Tracker,SUV,1652,2008-11-12
1996,Chevrolet,Express 3500 Passenger,Van/Minivan,1653,2016-09-17
2000,Dodge,Stratus,Sedan,1654,2003-07-24
2019,Jeep,Grand Cherokee,SUV,1655,2012-10-13
2010,Chevrolet,Express 2500 Cargo,Van/Minivan,1656,2008-10-03
2017,Chevrolet,Volt,Hatchback,1657,2015-05-07
2004,Ford,Ranger Super Cab,Pickup,1658,2017-10-23
2013,Hyundai,Sonata,Sedan,1659,2020-06-24
2012,Land Rover,Range Rover,SUV,1660,2022-03-27
2013,Chevrolet,Volt,Sedan,1661,2010-07-03
1994,Dodge,Ram Wagon B250,Van/Minivan,1662,2022-02-12
2006,Nissan,Pathfinder,SUV,1663,2014-02-01
2000,Nissan,Frontier Crew Cab,Pickup,1664,2005-09-24
2004,Buick,Park Avenue,Sedan,1665,2016-08-24
2017,Volkswagen,Golf SportWagen,Wagon,1666,2005-07-31
2010,Hyundai,Santa Fe,SUV,1667,2013-05-31
2004,Chevrolet,Avalanche 1500,Pickup,1668,2021-11-07
2017,INFINITI,QX70,SUV,1669,2012-05-03
1996,Chevrolet,Lumina,Sedan,1670,2013-11-10
2000,Dodge,Viper,"Convertible, Coupe",1671,2019-07-23
2009,Jaguar,XF,Sedan,1672,2022-01-02
2008,Chevrolet,Colorado Extended Cab,Pickup,1673,2017-07-05
1999,GMC,Sierra 2500 Regular Cab,Pickup,1674,2012-12-25
2002,Suzuki,Vitara,SUV,1675,2018-12-10
1998,Pontiac,Trans Sport,Van/Minivan,1676,2017-07-18
2003,Volvo,S80,Sedan,1677,2001-01-01
2003,Toyota,Celica,Hatchback,1678,2008-06-17
2013,BMW,M5,Sedan,1679,2019-02-11
2015,GMC,Savana 2500 Passenger,Van/Minivan,1680,2019-01-19
2019,Alfa Romeo,Giulia,Sedan,1681,2010-11-18
1995,GMC,Suburban 2500,SUV,1682,2015-05-29
2008,GMC,Envoy,SUV,1683,2000-12-31
2015,Freightliner,Sprinter 2500 Crew,Van/Minivan,1684,2013-07-07
2008,Lotus,Exige S,Coupe,1685,2021-11-07
2018,Genesis,G80,Sedan,1686,2013-08-23
2002,Oldsmobile,Bravada,SUV,1687,2009-05-03
1993,Saab,9000,"Hatchback, Sedan",1688,2007-07-11
1994,Dodge,Ram 1500 Regular Cab,Pickup,1689,2008-07-04
2007,BMW,M5,Sedan,1690,2014-08-04
1993,Dodge,Spirit,Sedan,1691,2001-07-02
2014,Land Rover,LR2,SUV,1692,2006-08-20
1996,Audi,A4,Sedan,1693,2022-05-16
2015,Mercedes-Benz,C-Class,"Sedan, Coupe",1694,2007-05-29
2012,Toyota,Camry,Sedan,1695,2020-01-19
2019,GMC,Canyon Extended Cab,Pickup,1696,2013-03-11
2002,GMC,Yukon,SUV,1697,2019-12-06
1992,Ford,Ranger Regular Cab,Pickup,1698,2022-03-08
2019,Chevrolet,Spark,Hatchback,1699,2016-10-27
2019,Mercedes-Benz,Mercedes-AMG GLE Coupe,SUV,1700,2020-01-26
2017,Honda,HR-V,SUV,1701,2001-05-22
2013,Dodge,Dart,Sedan,1702,2022-10-13
2012,Nissan,Maxima,Sedan,1703,2001-12-04
2016,Mitsubishi,Lancer,Sedan,1704,2022-09-16
2018,Ford,Taurus,Sedan,1705,2005-06-04
2020,Toyota,Tundra CrewMax,Pickup,1706,2005-12-19
2015,Audi,R8,"Coupe, Convertible",1925,2005-05-22
2016,Volkswagen,Tiguan,SUV,1708,2023-06-14
2017,Cadillac,CT6,Sedan,1709,2015-06-27
2019,Dodge,Grand Caravan Passenger,Van/Minivan,1710,2012-05-22
1996,Ford,Probe,Hatchback,1711,2021-12-21
2007,Saab,3-Sep,"Wagon, Sedan, Convertible",1712,2023-10-31
2010,Nissan,Titan King Cab,Pickup,1713,2020-04-30
2002,BMW,Z3,"Convertible, Coupe",1714,2002-09-06
2018,Chrysler,Pacifica,Van/Minivan,1715,2008-08-30
2016,INFINITI,QX50,SUV,1716,2012-01-23
2005,Chevrolet,Astro Passenger,Van/Minivan,1717,2014-12-17
2014,Ford,E150 Cargo,Van/Minivan,1718,2013-02-20
2005,BMW,X5,SUV,1719,2017-09-07
1999,Plymouth,Grand Voyager,Van/Minivan,1720,2005-02-11
2013,Ford,F250 Super Duty Crew Cab,Pickup,1721,2006-06-10
2017,GMC,Canyon Extended Cab,Pickup,1722,2005-06-12
2008,Chevrolet,Silverado 1500 Regular Cab,Pickup,1723,2003-06-16
2019,Buick,Regal Sportback,Sedan,1724,2003-06-22
2020,Porsche,Cayenne,SUV,1725,2020-07-26
1994,Toyota,Tercel,Sedan,1726,2019-03-01
2016,MAZDA,CX-3,SUV,1727,2015-12-30
2002,Dodge,Ram 3500 Regular Cab,Pickup,1728,2020-12-14
1993,Chevrolet,APV Cargo,Van/Minivan,1729,2017-03-04
1995,Honda,Odyssey,Van/Minivan,1730,2018-06-21
1994,BMW,7 Series,Sedan,1731,2008-06-19
2018,Ford,F150 SuperCrew Cab,Pickup,1732,2003-10-13
1992,Chevrolet,Lumina APV,Van/Minivan,1733,2019-10-13
2004,Kia,Amanti,Sedan,1734,2008-10-07
1994,Pontiac,Bonneville,Sedan,1735,2006-08-09
1992,Chevrolet,Astro Cargo,Van/Minivan,1736,2001-01-06
2002,Toyota,Celica,Hatchback,1737,2012-08-18
2004,Volkswagen,New Beetle,"Hatchback, Convertible",1738,2006-05-08
2019,BMW,Z4,Convertible,1739,2016-05-07
2017,Mercedes-Benz,Mercedes-AMG SL,Convertible,1740,2000-08-21
2000,Volvo,V40,Wagon,1741,2006-03-13
2016,Volkswagen,Golf,Hatchback,1742,2016-07-24
2016,Ram,2500 Mega Cab,Pickup,1743,2018-01-23
2018,Mercedes-Benz,Metris WORKER Cargo,Van/Minivan,1744,2022-10-12
2008,GMC,Savana 3500 Passenger,Van/Minivan,1745,2020-05-18
1995,GMC,Safari Cargo,Van/Minivan,1791,2010-09-27
2007,Ford,Focus,"Hatchback, Sedan, Wagon",1747,2020-10-20
2005,Maserati,GranSport,Coupe,1748,2001-05-27
2005,INFINITI,FX,SUV,1749,2020-07-04
2002,Mercury,Grand Marquis,Sedan,1750,2021-12-17
1999,Chevrolet,Suburban 2500,SUV,1751,2012-03-29
2006,Volvo,S40,Sedan,1752,2022-01-07
2006,Suzuki,Forenza,"Sedan, Wagon",1753,2001-09-12
2010,Mercedes-Benz,SLK-Class,Convertible,1754,2002-10-06
2015,Buick,Regal,Sedan,1755,2000-10-27
2018,INFINITI,Q50,Sedan,1756,2017-11-07
2016,BMW,X5,SUV,1757,2010-09-03
2001,Ford,F350 Super Duty Regular Cab,Pickup,1758,2005-06-22
2008,Chrysler,300,Sedan,1759,2020-12-06
2010,Lincoln,Navigator,SUV,1760,2006-05-06
1996,Dodge,Ram Van 1500,Van/Minivan,1761,2012-01-30
2002,Jaguar,XJ,Sedan,1762,2013-08-10
2019,Buick,Regal TourX,Wagon,1763,2001-05-16
2015,GMC,Canyon Extended Cab,Pickup,1764,2013-09-03
2005,Audi,allroad,Wagon,1765,2006-12-29
1992,Nissan,NX,Hatchback,1766,2009-08-22
2006,Suzuki,Reno,Hatchback,1767,2014-02-23
2015,Ford,F150 Super Cab,Pickup,1768,2021-02-05
2017,Ford,F150 SuperCrew Cab,Pickup,1769,2014-04-26
2015,Kia,Optima Hybrid,Sedan,1770,2019-12-22
2005,Land Rover,Freelander,SUV,1771,2015-03-05
2015,Chevrolet,Corvette,"Convertible, Coupe",1772,2002-01-30
1993,MAZDA,MX-6,Coupe,1773,2020-08-11
2008,Chrysler,Sebring,"Sedan, Convertible",1774,2001-01-21
2010,Audi,S4,Sedan,1775,2015-05-23
2003,Lexus,SC,Convertible,1776,2004-02-08
2006,BMW,5 Series,"Sedan, Wagon",1777,2023-09-23
2019,Ford,Taurus,Sedan,1778,2022-07-30
2009,BMW,Z4,Convertible,1779,2018-05-31
1993,Mitsubishi,Galant,Sedan,1780,2005-03-05
2019,BMW,X5,SUV,1781,2011-10-01
2016,GMC,Sierra 2500 HD Crew Cab,Pickup,1782,2021-01-28
2005,Toyota,Avalon,Sedan,1783,2008-09-13
2017,Mercedes-Benz,GLS,SUV,1784,2010-08-13
2005,GMC,Envoy,SUV,1785,2009-12-25
1995,Mitsubishi,Diamante,"Sedan, Wagon",1786,2023-01-19
2007,Nissan,Quest,Van/Minivan,1787,2020-02-23
2005,Chevrolet,Silverado 3500 Extended Cab,Pickup,1788,2020-11-14
1992,Mitsubishi,3000GT,Hatchback,1789,2017-07-14
2012,Toyota,Prius,Hatchback,1790,2015-02-09
1995,GMC,Safari Cargo,Van/Minivan,1791,2010-09-27
1998,Buick,Park Avenue,Sedan,1792,2004-05-19
1994,Jeep,Grand Cherokee,SUV,1793,2007-07-26
2014,INFINITI,QX70,SUV,1794,2023-10-09
2020,GMC,Yukon XL,SUV,1795,2018-06-24
2019,Honda,Pilot,SUV,1796,2004-05-12
1994,BMW,5 Series,"Sedan, Wagon",1797,2001-02-02
2015,Land Rover,Range Rover,SUV,1798,2002-01-31
2020,Audi,Q5,SUV,1799,2019-03-18
2011,GMC,Canyon Crew Cab,Pickup,1800,2014-11-14
2004,Ford,F350 Super Duty Crew Cab,Pickup,1801,2001-08-10
2003,GMC,Sierra 3500 Crew Cab,Pickup,1802,2010-08-29
2003,Honda,Accord,"Sedan, Coupe",1803,2008-05-26
2014,Subaru,Tribeca,SUV,1830,2019-11-08
1996,Pontiac,Sunfire,"Sedan, Coupe, Convertible",1805,2017-05-27
2009,Mercedes-Benz,M-Class,SUV,1806,2008-09-05
2013,Rolls-Royce,Phantom,"Sedan, Coupe, Convertible",1807,2010-12-13
2013,Volkswagen,Passat,Sedan,1808,2012-03-18
2007,Mercedes-Benz,SLR McLaren,Coupe,1809,2005-12-24
2001,Audi,A8,Sedan,1810,2015-04-14
1993,Dodge,Ram Van B350,Van/Minivan,1811,2021-10-31
2007,INFINITI,G,"Sedan, Coupe",1812,2013-07-23
2013,Audi,A4,Sedan,1813,2000-05-29
1995,GMC,1500 Club Coupe,Pickup,1814,2002-01-09
2006,Pontiac,Grand Prix,Sedan,1815,2008-04-04
2001,Dodge,Intrepid,Sedan,1816,2002-06-07
2014,GMC,Savana 2500 Cargo,Van/Minivan,1817,2021-11-28
2010,Lincoln,MKZ,Sedan,1818,2015-06-21
1993,Chevrolet,Lumina APV,Van/Minivan,1819,2014-06-17
1994,Honda,Accord,"Sedan, Coupe, Wagon",1820,2016-09-28
2013,Ford,E350 Super Duty Cargo,Van/Minivan,1821,2006-03-24
2015,Chevrolet,Silverado 3500 HD Regular Cab,Pickup,1822,2020-12-06
1998,GMC,Suburban 2500,SUV,1823,2008-11-07
2015,Nissan,NV1500 Cargo,Van/Minivan,1824,2019-11-08
2019,Cadillac,ATS,Coupe,1825,2008-06-30
2009,Ford,Flex,SUV,1826,2018-09-02
2013,Chevrolet,Suburban 1500,SUV,1827,2003-11-25
2004,Dodge,Ram 2500 Regular Cab,Pickup,1828,2023-03-08
1994,Oldsmobile,Cutlass Cruiser,Wagon,1829,2010-03-01
2014,Subaru,Tribeca,SUV,1830,2019-11-08
2011,Acura,RDX,SUV,1831,2017-01-08
2002,Ford,Windstar Passenger,Van/Minivan,1832,2004-03-22
1999,GMC,Sonoma Regular Cab,Pickup,1833,2007-01-23
2003,Hyundai,Santa Fe,SUV,1834,2004-05-07
2012,Chevrolet,Malibu,Sedan,1835,2001-09-21
1995,Hyundai,Scoupe,Coupe,1836,2020-01-26
2002,Dodge,Intrepid,Sedan,1837,2005-10-24
2018,Mercedes-Benz,S-Class,"Sedan, Coupe, Convertible",1838,2008-05-23
2010,Scion,tC,Coupe,1839,2020-12-06
1996,Toyota,Tercel,Sedan,1840,2022-06-06
2006,Pontiac,G6,"Coupe, Convertible, Sedan",1841,2006-04-29
1999,Chevrolet,Express 2500 Passenger,Van/Minivan,1842,2004-05-16
2007,Chrysler,Town & Country,Van/Minivan,1843,2004-01-13
2000,Chevrolet,2500 Crew Cab,Pickup,1844,2011-12-23
2020,Chevrolet,Impala,Sedan,1845,2003-11-15
2011,Chevrolet,Corvette,"Convertible, Coupe",1846,2014-12-04
1995,Acura,Legend,"Coupe, Sedan",1847,2009-12-21
2014,Mercedes-Benz,GL-Class,SUV,1848,2014-01-31
2016,Lexus,CT,Hatchback,1849,2011-12-27
2010,Chevrolet,Traverse,SUV,1850,2009-09-05
2005,Dodge,Ram 3500 Regular Cab,Pickup,1851,2013-02-11
2014,Nissan,Xterra,SUV,1852,2002-05-01
1994,Chevrolet,2500 Regular Cab,Pickup,1853,2011-04-03
1998,Pontiac,Bonneville,Sedan,1854,2005-12-17
2018,McLaren,570S,"Coupe, Convertible",1855,2007-10-23
1999,Ford,Escort,"Sedan, Wagon, Coupe",1856,2004-10-04
2013,INFINITI,JX,SUV,1857,2017-09-03
2004,INFINITI,FX,SUV,1858,2016-07-28
2009,MINI,Convertible,Convertible,1859,2007-10-11
1994,Chevrolet,Beretta,Coupe,1860,2020-12-10
2001,BMW,5 Series,"Wagon, Sedan",1861,2003-02-22
2010,Chrysler,Town & Country,Van/Minivan,1862,2014-03-07
2012,Dodge,Challenger,Coupe,1863,2013-01-02
2010,Chevrolet,Malibu,Sedan,1864,2019-08-23
1999,Lexus,LS,Sedan,1865,2013-08-24
1997,Chrysler,Concorde,Sedan,1866,2016-01-31
2004,Nissan,Altima,Sedan,1867,2011-03-15
2012,Ford,F150 SuperCrew Cab,Pickup,1868,2011-12-23
2019,Ram,ProMaster Window Van,Van/Minivan,1869,2009-05-16
2018,BMW,X6,SUV,1870,2020-01-09
2010,Lotus,Evora,Coupe,1871,2023-02-08
1999,Chrysler,Concorde,Sedan,1872,2000-07-22
2003,GMC,Savana 2500 Passenger,Van/Minivan,1873,2001-09-15
2019,Dodge,Durango,SUV,1874,2016-02-28
2010,Toyota,Prius,Hatchback,1875,2010-09-18
2006,Isuzu,i-280 Extended Cab,Pickup,1876,2004-07-13
2016,Kia,Sorento,SUV,1877,2015-11-26
1997,Audi,A6,"Wagon, Sedan",1878,2017-04-05
1999,Chrysler,300,Sedan,1879,2018-06-17
2002,Nissan,Frontier Crew Cab,Pickup,1880,2001-08-05
2007,Honda,Pilot,SUV,1881,2018-05-14
2005,Pontiac,Montana,Van/Minivan,1882,2019-09-08
1999,Isuzu,VehiCROSS,SUV,1883,2018-01-16
2010,Cadillac,CTS,"Sedan, Wagon",1884,2006-01-16
1993,Cadillac,Eldorado,Coupe,1885,2023-03-20
2011,Mercedes-Benz,Sprinter 2500 Passenger,Van/Minivan,1886,2002-05-07
2008,Acura,RL,Sedan,1887,2017-10-28
2015,Audi,A4,Sedan,1888,2022-03-21
2011,GMC,Savana 3500 Cargo,Van/Minivan,1889,2013-10-10
2017,Ford,C-MAX Energi,Wagon,1890,2000-03-29
2006,Chevrolet,Aveo,"Hatchback, Sedan",1891,2017-12-03
2001,Jeep,Grand Cherokee,SUV,1892,2012-07-08
1993,MAZDA,B-Series Regular Cab,Pickup,1893,2021-12-31
2008,Hyundai,Tucson,SUV,1894,2009-07-24
2015,Chevrolet,Colorado Crew Cab,Pickup,1895,2008-01-30
2018,Chevrolet,Suburban 3500HD,SUV,1896,2007-04-29
2011,GMC,Sierra 1500 Crew Cab,Pickup,1897,2008-09-03
2010,Ford,F350 Super Duty Regular Cab,Pickup,1898,2020-01-31
2016,Hyundai,Sonata Hybrid,Sedan,1899,2007-08-09
1994,Volkswagen,Passat,"Sedan, Wagon",1900,2020-04-27
2012,Porsche,Cayenne,SUV,1901,2002-01-14
1999,Oldsmobile,88,Sedan,1902,2015-08-18
2005,Hyundai,Tiburon,Coupe,1903,2014-04-28
2003,Audi,S6,Wagon,1904,2020-02-02
2005,Lotus,Elise,Coupe,1905,2011-04-02
2000,Lincoln,LS,Sedan,1906,2005-03-09
1996,Dodge,Ram Wagon 2500,Van/Minivan,1907,2013-07-11
2000,Ford,Crown Victoria,Sedan,1908,2017-12-07
2018,FIAT,500c,Convertible,1909,2000-06-01
2010,GMC,Savana 1500 Passenger,Van/Minivan,1910,2004-03-11
2014,BMW,Z4,Convertible,1911,2002-10-06
2020,Honda,Civic,"Hatchback, Sedan, Coupe",1912,2007-07-24
2013,GMC,Yukon,SUV,1913,2008-08-26
2013,Toyota,Prius v,Wagon,1914,2019-02-25
1992,Oldsmobile,Custom Cruiser,Wagon,1915,2017-08-31
2002,Toyota,Echo,"Sedan, Coupe",1916,2022-05-07
2002,BMW,M5,Sedan,1917,2019-07-31
2015,MINI,Convertible,Convertible,1918,2008-11-12
1999,Chevrolet,Silverado 2500 Extended Cab,Pickup,1919,2003-05-14
1994,GMC,Vandura 2500,Van/Minivan,1920,2017-08-13
2011,Scion,tC,Coupe,1921,2012-03-21
1997,Chevrolet,G-Series 1500,Van/Minivan,1922,2008-02-14
2001,Volvo,S80,Sedan,1923,2003-03-08
2015,Lincoln,MKX,SUV,1924,2007-04-28
2015,Audi,R8,"Coupe, Convertible",1925,2005-05-22
2017,Chevrolet,Colorado Crew Cab,Pickup,1926,2022-05-02
2014,Toyota,Prius,Hatchback,1927,2001-02-10
1998,Toyota,Camry,Sedan,1928,2007-07-24
1992,Alfa Romeo,Spider,Convertible,1929,2009-09-26
2007,Kia,Sportage,SUV,1930,2009-03-24
1999,Mercedes-Benz,E-Class,"Sedan, Wagon",1931,2017-08-27
2018,Ford,Transit 350 Wagon,Van/Minivan,1932,2011-02-07
2008,Isuzu,i-290 Extended Cab,Pickup,1933,2004-07-01
2012,Nissan,Frontier King Cab,Pickup,1934,2002-12-02
2005,Nissan,Maxima,Sedan,1935,2006-01-05
2016,Bentley,Flying Spur,Sedan,1936,2008-10-02
1996,Subaru,SVX,Coupe,1937,2012-04-19
2005,Ford,E350 Super Duty Passenger,Van/Minivan,1938,2009-10-14
2002,Chevrolet,Venture Passenger,Van/Minivan,1939,2010-11-09
2014,MAZDA,MAZDA2,Hatchback,1940,2004-09-30
2017,Lincoln,MKZ,Sedan,1941,2001-05-02
2008,Kia,Rondo,Wagon,1942,2016-03-19
2006,Chevrolet,Express 2500 Passenger,Van/Minivan,1943,2015-08-01
2015,BMW,2 Series,"Coupe, Convertible",1944,2014-01-24
1995,GMC,Vandura G1500,Van/Minivan,1945,2006-05-19
2002,Chevrolet,Express 1500 Cargo,Van/Minivan,1946,2018-07-08
2015,Chevrolet,Silverado 2500 HD Double Cab,Pickup,1947,2021-06-28
1996,Ford,Ranger Super Cab,Pickup,1948,2023-10-26
2007,Ford,Edge,SUV,1949,2016-12-01
2010,Saab,3-Sep,"Wagon, Convertible, Sedan",1950,2000-01-03
2003,Dodge,Intrepid,Sedan,1951,2003-03-26
2002,Acura,RSX,Coupe,1952,2008-03-10
1998,Suzuki,X-90,SUV,1953,2015-11-25
1994,Mitsubishi,Galant,Sedan,1954,2017-09-04
2015,Kia,Sedona,Van/Minivan,1955,2015-01-07
2009,Kia,Amanti,Sedan,1956,2004-07-09
2016,Dodge,Dart,Sedan,1957,2018-09-12
2016,Lexus,GS,Sedan,1958,2020-04-23
2015,Audi,Q7,SUV,1959,2009-06-21
2011,Mercedes-Benz,Sprinter 3500 Cargo,Van/Minivan,1960,2014-04-24
2013,Suzuki,Grand Vitara,SUV,1961,2020-09-29
1992,Ford,Mustang,"Coupe, Convertible",1962,2015-07-05
1992,Plymouth,Colt Vista,Wagon,1963,2009-06-11
1994,GMC,Rally Wagon 3500,Van/Minivan,1964,2010-10-06
2011,Buick,Regal,Sedan,1965,2018-06-13
1993,Mercedes-Benz,300 TE,Wagon,1966,2010-01-01
2010,Honda,Fit,Hatchback,1967,2023-11-12
2017,Kia,Optima,Sedan,1968,2008-02-16
1997,GMC,Yukon,SUV,1969,2008-06-03
1992,Ford,F250 Regular Cab,Pickup,1970,2016-12-13
1997,Mitsubishi,Eclipse,"Coupe, Convertible",1971,2023-03-10
2018,Hyundai,Ioniq Plug-in Hybrid,Hatchback,1972,2003-10-07
2011,Lincoln,Navigator,SUV,1973,2009-08-31
2017,Mercedes-Benz,G-Class,SUV,1974,2011-05-08
2014,Volvo,XC90,SUV,1975,2020-12-07
2006,Aston Martin,Vanquish S,Coupe,1976,2009-02-22
2015,Alfa Romeo,4C,Coupe,1977,2009-11-16
2019,Toyota,Avalon,Sedan,1978,2023-05-20
2004,Chevrolet,S10 Crew Cab,Pickup,1979,2002-06-22
1994,Hyundai,Sonata,Sedan,1980,2013-02-19
1997,Kia,Sephia,Sedan,1981,2016-09-16
2012,Chevrolet,Silverado 3500 HD Crew Cab,Pickup,1982,2014-08-08
2016,Honda,Civic,"Sedan, Coupe",1983,2008-06-13
1996,GMC,Savana 3500 Cargo,Van/Minivan,1984,2004-03-06
1998,GMC,Savana 1500 Passenger,Van/Minivan,1985,2008-09-26
2012,Volvo,S60,Sedan,1986,2014-05-13
1999,Chevrolet,Tahoe,SUV,1987,2023-04-17
2000,Mercury,Mountaineer,SUV,1988,2019-06-17
2016,Ram,ProMaster Window Van,Van/Minivan,1989,2007-12-10
2014,Audi,allroad,Wagon,1990,2016-02-27
2007,Dodge,Sprinter 2500 Passenger,Van/Minivan,1991,2014-10-09
1998,Chevrolet,1500 Regular Cab,Pickup,1992,2018-10-15
2002,Dodge,Ram Van 2500,Van/Minivan,1993,2023-01-04
2012,Chevrolet,Silverado 3500 HD Regular Cab,Pickup,1994,2015-11-05
2011,Hyundai,Genesis Coupe,Coupe,1995,2016-03-20
2019,Honda,Odyssey,Van/Minivan,1996,2017-09-21
2006,Buick,Rendezvous,SUV,1997,2007-03-11
2017,Freightliner,Sprinter 2500 Cargo,Van/Minivan,1998,2010-04-21
1992,GMC,Vandura 1500,Van/Minivan,1999,2021-10-16
2014,Cadillac,Escalade ESV,SUV,2000,2020-11-08
